sex_std,age,relation_type,n
f,24,husband,443386
m,26,father,563264
m,36,father,587841
m,56,father,410800
m,64,father,207696
f,43,husband,252762
f,41,husband,316134
f,28,husband,442955
f,60,husband,197633
f,48,husband,382336
m,52,father,363393
m,37,father,488699
f,77,husband,82395
f,44,husband,333539
f,25,father,132530
f,37,husband,372846
f,46,husband,418773
f,49,husband,326391
m,63,father,217826
m,92,father,8616
f,91,husband,32744
f,51,father,4570
m,22,other,336
m,83,father,39600
m,88,father,21554
m,79,father,51985
f,98,husband,5619
f,90,husband,18058
m,71,NA,155
m,47,NA,448
f,59,father,2152
f,84,father,325
f,61,father,2555
f,99,husband,2979
f,86,father,385
f,28,other,357
f,53,father,3053
f,56,NA,284
f,75,father,705
f,24,other,717
m,39,NA,406
m,45,NA,506
f,95,NA,3
m,59,NA,252
m,48,NA,430
f,43,other,53
f,42,NA,276
m,85,NA,30
f,80,NA,35
f,41,other,65
f,89,father,128
f,52,NA,284
m,38,other,83
f,37,other,89
m,68,NA,174
m,80,NA,46
m,22,husband,351
f,48,other,42
f,46,other,49
m,76,husband,5
f,77,other,6
f,44,other,55
m,38,husband,43
f,49,other,49
f,82,NA,53
m,97,NA,4
f,60,other,32
m,76,other,11
m,82,other,11
m,82,husband,5
f,91,other,3
f,98,other,1
f,99,other,1
m,94,husband,1
f,27,husband,418858
f,54,husband,355733
f,23,husband,383838
m,74,father,101168
f,45,husband,317960
m,51,father,458584
f,40,husband,270781
f,34,husband,518860
m,19,father,520672
m,35,father,633709
f,29,husband,461061
f,33,husband,363189
m,27,NA,861
m,77,father,74275
f,47,husband,262090
f,57,husband,249298
m,66,father,257828
f,71,husband,188136
f,65,husband,155038
m,70,father,114995
m,67,father,157452
f,19,father,225011
f,38,father,13645
m,44,NA,453
m,89,father,12281
f,50,father,4065
f,33,other,154
m,90,father,9985
f,65,other,16
f,72,father,894
f,55,father,2661
m,34,NA,849
f,68,father,1333
f,73,father,833
m,41,NA,395
f,78,father,562
m,31,husband,123
f,22,NA,752
f,74,father,795
f,32,NA,672
f,23,other,1051
m,23,other,332
f,64,father,1842
f,21,NA,590
f,35,NA,634
m,99,father,1152
m,40,husband,42
f,62,NA,198
f,81,NA,58
f,79,father,436
f,87,father,221
m,40,other,74
m,49,other,49
f,27,other,399
f,85,father,231
f,29,other,263
m,29,NA,943
f,20,NA,891
m,60,NA,215
m,57,NA,286
m,53,NA,324
m,69,NA,120
m,31,other,148
f,83,father,299
m,46,other,42
f,40,other,71
f,34,other,136
f,66,NA,161
m,23,husband,374
f,47,other,33
f,45,other,49
m,81,NA,61
m,65,other,31
f,71,other,12
m,55,other,40
m,58,other,29
m,93,NA,7
m,46,husband,48
f,18,father,52
m,54,other,41
m,58,husband,36
m,54,husband,36
f,96,NA,9
f,92,NA,18
f,54,other,34
f,57,other,36
m,62,other,35
m,18,father,184
m,55,husband,28
m,62,husband,20
m,49,husband,40
m,65,husband,14
m,91,NA,20
m,78,other,6
m,78,husband,6
m,87,other,2
m,87,husband,3
m,60,father,225605
f,31,husband,388735
f,58,husband,293021
m,27,father,598241
m,29,father,588288
m,34,father,701777
m,57,father,269745
m,44,father,476919
f,30,husband,410946
m,41,father,353257
f,70,husband,118443
m,53,father,347095
f,67,husband,148043
f,22,father,165122
m,69,father,122963
f,76,husband,151208
f,63,husband,190720
f,21,father,122630
f,20,father,181172
f,32,father,36770
m,81,father,71026
m,91,father,16378
f,38,NA,399
f,35,father,26612
m,43,other,66
f,88,husband,36435
m,93,father,6553
f,97,husband,6275
m,20,husband,342
f,62,father,1977
f,66,father,2043
f,81,father,501
m,43,husband,50
f,78,NA,61
f,19,NA,694
m,19,NA,842
m,28,husband,215
m,20,other,729
m,28,other,158
f,96,father,82
m,51,NA,464
m,35,NA,729
f,64,NA,152
m,66,NA,197
f,74,NA,94
f,50,NA,286
f,30,other,210
f,55,NA,216
m,67,NA,180
m,70,NA,103
f,58,other,15
f,31,other,211
f,85,NA,33
m,77,NA,83
f,68,NA,131
f,73,NA,92
m,32,other,123
m,61,other,35
f,83,NA,36
f,79,NA,61
f,92,father,116
m,74,NA,103
m,61,husband,31
m,50,other,48
m,30,other,128
f,72,NA,120
m,32,husband,122
f,67,other,15
m,89,NA,8
f,63,other,29
m,30,husband,162
f,87,NA,25
f,70,other,7
m,90,NA,7
f,76,other,10
m,50,husband,45
m,75,other,7
m,75,husband,3
m,99,NA,1
m,96,other,1
f,88,other,2
m,96,husband,1
m,47,father,406056
f,26,husband,390748
m,71,father,179801
m,48,father,457310
f,36,husband,395535
m,39,father,329828
m,45,father,445258
m,80,father,46435
f,39,husband,300844
m,59,father,240723
f,69,husband,126828
m,68,father,174988
f,93,husband,14515
m,85,father,26147
f,56,father,3449
f,94,husband,11670
f,80,father,396
f,42,father,8211
f,36,other,82
f,52,father,3764
f,61,NA,209
m,97,father,2725
m,26,NA,723
f,82,father,396
f,26,other,493
f,39,other,68
f,59,NA,180
m,36,NA,731
f,25,NA,1171
m,24,husband,351
f,95,father,71
m,37,NA,578
m,42,other,60
m,21,other,391
m,24,other,215
m,64,NA,191
m,63,NA,231
m,83,NA,43
m,56,NA,380
m,52,NA,424
m,79,NA,55
m,88,NA,26
m,86,other,4
f,51,NA,326
m,33,other,87
m,25,husband,362
f,53,NA,241
m,21,husband,316
m,25,other,227
f,86,NA,54
m,33,husband,115
m,73,other,6
f,84,NA,43
m,73,husband,17
m,42,husband,43
f,89,NA,9
m,72,husband,11
f,75,NA,75
m,84,husband,5
m,86,husband,2
m,72,other,10
f,69,other,10
m,92,NA,11
f,94,other,1
m,84,other,4
f,93,other,2
m,22,father,624836
f,24,father,148649
f,25,husband,487987
f,61,husband,280830
m,94,father,4929
f,51,husband,407706
m,38,father,428312
m,21,NA,533
f,59,husband,223622
m,76,father,134134
f,53,husband,300777
f,86,husband,70473
f,84,husband,54973
f,60,father,2060
f,49,father,4259
m,98,father,2206
f,28,father,74015
f,41,father,10527
f,44,father,14212
f,37,father,17155
f,75,husband,94385
m,82,father,45946
f,89,husband,21696
f,46,father,12059
f,48,father,4938
f,43,father,7116
f,25,other,694
f,91,father,195
f,77,father,589
f,36,NA,548
f,69,NA,117
f,84,other,5
m,36,husband,82
m,84,NA,34
m,24,NA,819
m,42,NA,343
f,26,NA,868
m,25,NA,797
f,98,father,31
f,39,NA,362
m,33,NA,686
f,86,other,4
m,72,NA,148
m,26,other,189
f,90,father,105
m,64,husband,22
m,37,other,61
f,51,other,34
m,63,other,42
f,61,other,32
m,73,NA,112
f,59,other,26
m,64,other,30
f,53,other,30
m,37,husband,61
m,52,other,56
m,26,husband,267
m,52,husband,38
f,75,other,9
m,36,other,85
m,79,husband,7
m,56,husband,32
f,99,father,37
f,94,NA,12
m,83,other,5
m,86,NA,39
m,63,husband,27
m,56,other,33
m,92,husband,2
m,88,husband,5
m,79,other,6
m,83,husband,4
f,93,NA,10
f,89,other,3
m,88,other,1
f,101,husband,1
m,54,father,350161
f,50,husband,319420
m,23,father,734685
m,31,father,478692
m,46,father,517174
m,55,father,288266
m,58,father,321530
f,55,husband,251690
f,73,husband,118745
m,65,father,169258
f,23,father,177457
m,40,father,313390
m,49,father,370431
f,38,husband,342352
f,68,husband,172944
m,62,father,238577
f,34,father,37163
f,64,husband,214619
f,19,husband,122528
f,72,husband,123949
f,27,father,86472
f,83,husband,57458
m,78,father,78729
f,33,father,28919
f,78,husband,92585
f,74,husband,122082
f,79,husband,65461
f,87,husband,34121
f,45,father,11065
f,29,father,63923
f,85,husband,38244
f,40,father,10262
m,43,NA,339
f,57,father,2597
m,87,father,22343
f,65,father,1449
f,19,other,1593
f,31,NA,737
f,71,father,1273
m,19,other,716
f,54,father,3413
m,19,husband,246
f,30,NA,744
f,47,father,4202
m,32,NA,723
m,30,NA,913
m,35,other,85
f,63,NA,148
f,70,NA,92
m,28,NA,846
m,50,NA,378
m,75,NA,76
f,67,NA,131
f,38,other,92
m,20,NA,856
f,58,NA,239
m,66,other,23
m,51,other,65
m,67,other,23
m,61,NA,308
f,55,other,27
f,73,other,8
f,50,other,34
m,74,other,6
m,35,husband,87
f,76,NA,95
m,89,husband,2
m,74,husband,8
m,66,husband,15
m,70,other,13
m,51,husband,43
f,78,other,7
m,70,husband,13
f,72,other,7
m,67,husband,16
f,97,NA,5
f,83,other,3
f,88,NA,21
f,64,other,14
f,79,other,2
f,68,other,14
m,77,husband,4
m,96,NA,11
m,77,other,6
m,90,husband,1
f,18,husband,22
f,87,other,1
f,74,other,4
m,95,NA,1
f,56,husband,378810
m,24,father,678241
m,25,father,659705
f,42,husband,274541
f,52,husband,327207
m,33,father,483977
m,42,father,313560
m,72,father,118385
f,26,father,95413
m,21,father,403981
f,82,husband,59732
f,80,husband,57960
f,36,father,18564
m,73,father,110172
m,86,father,45665
f,39,father,10926
f,37,NA,466
m,84,father,33337
f,69,father,1079
f,49,NA,262
f,95,husband,8161
f,48,NA,339
m,22,NA,699
f,44,NA,283
f,28,NA,977
f,24,NA,1155
f,41,NA,336
f,52,other,42
m,38,NA,539
f,43,NA,230
f,46,NA,379
f,77,NA,77
m,76,NA,120
f,94,father,78
f,42,other,57
m,48,other,51
f,60,NA,183
m,47,other,51
m,82,NA,65
m,39,other,71
f,93,father,63
m,98,NA,2
m,48,husband,48
m,59,other,27
f,56,other,22
m,71,other,16
m,39,husband,63
m,45,husband,46
m,47,husband,47
m,45,other,57
m,85,husband,10
f,91,NA,22
m,97,husband,1
m,71,husband,7
f,90,NA,9
m,59,husband,30
f,99,NA,6
f,80,other,6
m,68,other,28
m,68,husband,13
m,94,NA,4
f,82,other,5
m,80,other,6
f,98,NA,2
m,85,other,3
m,80,husband,5
f,95,other,2
m,61,father,338632
m,20,father,497552
f,32,husband,374688
m,30,father,544295
m,28,father,621373
f,22,husband,244544
m,32,father,455330
f,66,husband,240120
m,50,father,362436
f,35,husband,435850
f,81,husband,97332
f,21,husband,167368
m,43,father,326434
m,75,father,80878
f,62,husband,205189
f,20,husband,189064
m,96,father,6443
f,30,father,47466
m,57,other,31
f,33,NA,654
f,31,father,41739
f,96,husband,13922
f,92,husband,16819
m,41,other,70
f,20,other,1927
m,95,father,3769
f,27,NA,895
m,53,husband,33
m,34,other,107
f,21,other,1204
f,58,father,2493
m,41,husband,51
m,46,NA,505
f,34,NA,716
f,76,father,1003
f,67,father,1353
f,70,father,1059
m,62,NA,283
m,55,NA,315
f,71,NA,146
f,40,NA,327
f,29,NA,943
m,23,NA,801
f,63,father,1682
f,22,other,1121
m,54,NA,380
m,78,NA,53
f,88,father,215
f,54,NA,277
f,57,NA,218
m,27,husband,231
f,47,NA,227
f,23,NA,1007
f,45,NA,312
m,49,NA,401
m,40,NA,333
m,31,NA,764
m,65,NA,151
m,58,NA,276
f,97,father,47
m,27,other,173
m,29,husband,190
m,87,NA,28
f,65,NA,155
m,29,other,135
m,44,other,46
f,35,other,98
m,53,other,37
m,81,husband,5
m,60,other,33
f,32,other,155
m,60,husband,36
m,34,husband,113
m,44,husband,47
m,57,husband,29
f,62,other,19
f,81,other,4
f,92,other,1
f,66,other,16
m,69,other,13
m,69,husband,10
m,91,other,1
m,81,other,5
m,91,husband,1
m,93,husband,1
