district_std,ps_name_t13n,main_town_t13n,village_cand_1_std,village_cand_2_std,village_cand_3_std
udayapur,mathadaan kendr kaa bhavan evam pathaa  :,०vallabh nagar,vallabh nagar,NA,vallabhanagar
h dousaa,219maanapur,maanapur,maanapur,maanapur,raajakeey maadhyamik vidyaalay maanapur kamaraa nam 10
baadamer,93seelagan,seelagan,seelagan,seelagan,raajakeey praathamik vidyaalay silagan
h jaalour,244chaandanaa,Chandana,chandana,chaandanaa,raajakeey maadhyamik vidyaalay baamyaa kamaraa chaandanaa
siroohee,68sivagamj-10,sivagamj,sivagamj,sivagamj10,raajakeey maadhyamik vidyaalay baamyaa bhaag siv gamj 13
suajhhunoo,157thichoolee,thichoolee,thichoolee,thichoolee,raa praa vi thichoolee
jayapur,274chithrakoot yoojanaa,jayapur,jayapur,chithrakoot yoojanaa,jay sree pedivaal skoolchithrakoot stediyam kamaraa nam0 12
naagour,72pootaliyaa maajaraa,pootaliyaa maamjaraa,pootaliyaa maamjaraa,pootaliyaa maajaraa,raajakeey praathamik vidyaalay daamyaa bhaag pootaliyaa maamjaraa
jaalour,63karavaadaa,Karwara,karwara,karavaadaa,raajakeey praathamik vidyaalay daayaa kamaraa nam 1karavaadaa
h jaisalamer,2UAAraarey,raayachandavaalaa,raayachandavaalaa,uaaraarey,raajakeey praathamik vidyaalay raayachandavaalaa
joodhapur,131melaavaas,melaavaas,melaavaas,melaavaas,raajakeey praathamik vidyaalay melaavaas
seekar,"vidyaalay, dhaanee thaakharaan",dhaanee thaakharaan,dhaanee thaakharaan,vidyaalay dhaanee thaakharaan,raajakeey praathamik vidyaalay thaakharaa dhaanee
jayapur,24looharavaad഼aa,loohar vaadaa,loohar vaadaa,looharavaadaa,raajakeey praathamik vidyaalay looharavaadaakamaraa nam
jayapur,41danan‍thaalaa meenaa,danthaalaa meenaa,danthaalaa meenaa,dananthaalaa meenaa,raajakeey maadhyamik vidyaalay danthaalaa meenaa kamaraa nam
karoulee,98kyaaradaa kalaam,kyaaradaakalaam,kyaaradaakalaam,kyaaradaa kalaam,raajakeey maadhyamik vidyaalay fant htt kamaraa nam
siroohee,188taamkiyaa,Tankiya,tankiya,taamkiyaa,raajakeey sikshaakarmee praathamik vidyaalay nichalaa taakiyaa nichalaa taakiyaa
jaalour,243kalaapuraa,Kalapura,kalapura,kalaapuraa,raajakeey praathamik vidyaalay kalaapuraa
jayapur,34mooradhaa,mooradaa,mooradaa,mooradhaa,raajakeey praathamik vidyaalay mooradaa kamaraa nam
baadamer,273raamasar,Ramsar,ramsar,raamasar,raajakeey kanyaa maadhyamik vidyaalay raamasar
baamsavaadaa,178bijooree badee,BIJORI KHURD,bijori khurd,bijooree badee,raajakeey maadhyamik vidyaalay bhavankamaraa nambar bijooree badee
jaalour,84varethaa,Baretha,baretha,varethaa,raajakeey praathamik vidyaalay varethaa
seekar,166thikareeyaa,thikareeyaa,thikareeyaa,thikareeyaa,raajakeey maadhyamik vidyaalay thikariyaabaamyaa bhaag
jaalour,171gudaa baaloothaan,Gura Balotan,gura balotan,gudaa baaloothaan,raajakeey baalikaa maadhyamik vidyaalay daayaa kamaraa gudaa baaloothaan
h karoulee,82moolyaa kaa puraa baragamaa,moolyaa kaa puraa,moolyaa kaa puraa,moolyaa puraa baragamaa,raajakeey praathamik vidyaalay jaatav basthee baragamaa
hanumaanagadh,158kamaraanee,० 4echaemaech (kamaraanee,echaemaech kamaraanee,kamaraanee,raajakeey praathamik vidyaalay baayaam bhaag kamaraanee
alavar,21maadhoogadh,Madhogarh,madhogarh,maadhoogadh,raajakeey praathamik vidyaalay maadhoogadh
gamgaanagar,56 12kyoo,120,NA,12kyoo,raajakeey praathamik vidhaalay 12kyoo
alavar,155raamabaas jhhoopadee,raamabaas jhhoopad഼ee,raamabaas jhhoopadee,raamabaas jhhoopadee,raajakeey praathamik vidyaalay raamabaas jhhoumpadee
raajasamand,219banediyaa (daayaa bhaag,०banediyaa,banediyaa,banediyaa daayaa bhaag,raajakeey aadars maadhyamik vidyaalay banediyaa daayaa bhaag
kootaa,72peepaldaa Hat,०peepaldaakalaam,peepaldaakalaam,peepaldaa hat,raajakeey maadhyamik vidyaalay peepaldaa kalaam pee ech see saamane
booadee,315khadeepur,:,NA,khadeepur,aadars raajakeey maadhyamik vidyaalay khadeepur
8savaaeemaadhoopur,15malaaranaa choud഼,malaaranaa choud,malaaranaa choud,malaaranaa choud,raajakeey baalikaa maadhyamik vidyaalay malaaranaa choud kamaraa nam0
siroohee,141kaachhoolee,Kachholi,kachholi,kaachhoolee,raajakeey praathamik vidyaalay daamyaa bhaag kaachhoolee
jhhaalaavaad,187khedaa sanooriyaa,Khera Sanoriya,khera sanoriya,khedaa sanooriyaa,raajakeey sikshaakarmee praathamik vidyaalay
kootaa,200relave k൉aloonee,kootaa,kootaa,relave kaloonee,soophiyaa skool naee relave kaaloonee mukhy kamaraa nam2
jaisalamer,14kunde kee dhaanee,baamdhaa,baamdhaa,kunde dhaanee,raajakeey praathamik vidyaalay kumde dhaanooee
jayapur,248jhhootavaadaa,jayapur,jayapur,jhhootavaadaa,maadyamamik aadars vidyaa mamdir jhhootavaadaa
qe,232maamgalaa,maamgalaa,maamgalaa,maamgalaa,raajakeey praathamik vidyaalay maamgalaa
baaraa,171kiraad pahaadee,Kirad Pahari,kirad pahari,kiraad pahaadee,raajakeey praathamik vidyaalay kiraad pahaadee
baadamer,273gooliyaa choudhareeyaan,०gooliyaa choodhariyaan,gooliyaa choodhariyaan,gooliyaa choudhareeyaan,raajakeey praathamik vidyaalay goolooyaa choudhariyaan
jaalour,53punaraau,Punrau,punrau,punaraau,raajakeey praathamik vidyaalay punaraau
kootaa,mathadaan kendr kaa bhavan evam pathaa  :,kootaa,kootaa,NA,nambar
h dousaa,139baasadaa,baasadaa,baasadaa,baasadaa,raajakeey praathamik vidyaalay baasadaa
baadamer,242laapoondad഼aa baarathaan,०laapoondad഼aa baarathaan,laapoondadaa baarathaan,laapoondadaa baarathaan,raajakeey aadars maadhyamik vidyaalay laapoondadaa malavechaan baamyaa bhaag
alavar,106baanasoor,baanasur,baanasur,baanasoor,raajakeey praathamik vidyaalay sillaar
toumk,131[Rit,gunsee,gunsee,131rit,raajakeey maadhyamik vidyaalay gunsee
dhoulapur,144bhaisenaa,bhesenaa,bhesenaa,bhaisenaa,raajakeey maadhyamik vidyaalay bhaisenaa
bharathapur,208ubaar,Ubar,ubar,ubaar,raajakeey maadhyamik vidyaalay ubaar daayaam bhaag
joodhapur,247AIST,mathoodaa,mathoodaa,aist,raajakeey praathamik vidhaalay hanumaanasaagar mathoodaa jaataan
alavar,1saidapur,bhivaadee,bhivaadee,saidapur,raajakeey praathamik vidyaalay saidapur daamyaa bhaag kamaraa nam0
paalee,mathadaan kendr kaa bhavan evam pathaa  :,paalee,paalee,NA,nagar paalee
jhhaalaavaad,184AAT,Semla,semla,184aat,raajakeey praathamik vidyaalay
suajhhunoo,9mandrelaa,mandrelaa,mandrelaa,mandrelaa,raajakeey maadhyamik vidyaalay daayaam bhaag mandrelaa
ajamer,187kaanaakhedee,kaanaa khed഼ee,kaanaa khedee,kaanaakhedee,raajakeey maadhyamik vidyaalay kaanaakhedee kamaraa nam0 11
h seekar,245khud഼ee chhootee,khudee chhootee,khudee chhootee,khudee chhootee,raajakeey praathamik vidyaalay daamyaa bhaag khudee chhootee
8paalee,211farce,sindaroo,sindaroo,farce,raajakeey aadars maadhyamik vidyaalay daamyaa bhaag sindaroo
raajasamand,166kisanapuraa,kisanapuraa,kisanapuraa,kisanapuraa,raajakeey praathamik vidyaalay kisanapooraa
paalee,298hameeravaas,hameeravaas,hameeravaas,hameeravaas,raajakeey praathamik vidhaalay hameeravaas
chooru,97jeevanadesar,jeevanadesar,jeevanadesar,jeevanadesar,raajakeey maadhyamik vidyaalay
dousaa,63syaalaavaas kalaam,syaalaavaas kalaam,syaalaavaas kalaam,syaalaavaas kalaam,raajakeey maadhyamik vidyaalay baamyaa bhaag syaalaavaas kalaam
seekar,98deraavaalee,deraavaalee,deraavaalee,deraavaalee,raajakeey praathamik vidyaalayaderaavaalee maoo baayaa bhaag
hi jayapur,mathadaan kendr kaa bhavan evam pathaa  :,jayapur,jayapur,NA,nagar
jayapur,mathadaan kendr kaa bhavan evam pathaa  :,jayapur,jayapur,NA,limited
jaisalamer,260bhoopaa,bhoopaa (keethaa,bhoopaa keethaa,bhoopaa,raajakeey praathamik vidyaalay bhoopaa
gamgaanagar,5guroosar moodiyaa,26MOD,26mod,guroosar moodiyaa,raajakeey maadhyamik vidhaalay baayaa bhaag gurusar moodiyaa
bharathapur,100sahasan,Sahsan,sahsan,sahasan,raajakeey maadhyamik vidyaalay sahasan kamaraa
naagour,166naagour,naagour,naagour,naagour,raajakeey baalikaa maadhyamik vidyaalayginaanee kamaraa 9naagour
udayapur,90Baar aa FTA,udayapur,udayapur,baar aa fta,gaayathree sikshaa sadan maadhyamik vidyaalay saiktar 6k nam
hanumaanagadh,52saahoobaalaa,9Ams,9ams,saahoobaalaa,raajakeey maadhyamik vidyaalay saahoovaalaa baayaam bhaag
hi suajhhun,mathadaan kendr kaa bhavan evam pathaa  :,papuranaa,papuranaa,NA,vidyaalaypapuranaapaschimee bhaag daayaam bhaag
jhhaalaavaad,181naandahedaa,naandahedaa,naandahedaa,naandahedaa,raajakeey praathamik vidyaalay naandahedaa
paalee,88kenapuraa,Kenpura,kenpura,kenapuraa,raajakeey maadhyamik vidyaalay kenapuraa
beekaaner,sahaneevaalaa roojhhaam,Rojhan,rojhan,sahaneevaalaa roojhhaam,raajakeey maadhyamik vidyaalay daayaa bhaag roojhhaa
baadamer,24sevaroom kaa thalaa,kaaparaaoo,kaaparaaoo,sevaroom thalaa,raajakeey praathamik vidyaalay chandaaniyoo thalaa chamanapuraa
udayapur,278STAT Har,semaaree,semaaree,stat har,raajakeey praathamik vidhaalay thumbadaa thaalaab
bheelavaadaa,12raayalaa,raayalaa,raayalaa,raayalaa,raajakeey baalikaa praathamik vidyaalay raayalaa kamaraa nam raayalaa
h baadamer,11gool stesan,Gol Station,gol station,gool stesan,raajakeey maadhyamik vidhaalay gool stesan
baamsavaadaa,219raathadiyaa,AMJA,amja,raathadiyaa,raajakeey praathamik vidhaalay raathadiyaa
hi bharathapur,115biragavaam,Birgawan,birgawan,biragavaam,raajakeey praathamik vidyaalay biragavaam
jayapur,32gudhaa surjan,gudhaa surjan,gudhaa surjan,gudhaa surjan,raajakeey praathamik vidhaalay gudhaa surjan kamaraa nambar 01
qe,mathadaan kendr kaa bhavan evam pathaa  :,sujaanagadh഼,sujaanagadh,NA,bhaag sujaanagadh
udayapur,236bichhad഼ee,bichhad഼ee,bichhadee,bichhadee,raajakeey maadhyamik vidyaalay bichhadee daamyaa bhaag
hanumaanagadh,136naaeevaalaa,9seedeeaar (naaeevaalaa,seedeeaar naaeevaalaa,naaeevaalaa,raajakeey maadhyamik vidyaalay daayaam bhaag naaeevaalaa
hanumaanagadh,233budhavaaliyaa,budhavaaliyaam,budhavaaliyaam,budhavaaliyaa,raajakeey maadhyamik vidyaalay daayaa bhaag budhavaaliyaa
gamgaanagar,27 4see bad഼ee od഼akee,4C BARI,4c bari,4see badee odakee,raajakeey aadars maadhyamik vidhaalay 4see badee odakee daayaam bhaag
joodhapur,231paamchalaa khurd,paamchalaa khud,paamchalaa khud,paamchalaa khurd,raajakeey maadhyamik vidyaalay paamchalaa khurd baamyaa bhaag
8baadamer,115chouhatan rood baadamer,baad഼amer,baadamer,chouhatan rood baadamer,saamudaayik saasthree nagar
naagour,234asaavaree,asaavaree,asaavaree,asaavaree,raajakeey aadars maadhyamik vidyaalay asaavaree baayaam bhaag
joodhapur,140nevaraa rood,nevaraa rood,nevaraa rood,nevaraa rood,raajakeey praathamik vidyaalayaa daamyaa bhaag nevaraa rood
alavar,201neemalee,neemalee,neemalee,neemalee,raajakeey praathamik vidyaalay dakshinee bhaag kamaraa 2neemalee
8chooru,125chaaranavaasee,०chaaranavaasee,chaaranavaasee,chaaranavaasee,raajakeey maadhyamik vidyaalay chaaranavaasee
naagour,75sirasalaa,sirasalaa,sirasalaa,sirasalaa,raajakeey praathamik vidyaalay sirasalaa
karoulee,80lediyaa,lediyaa,lediyaa,lediyaa,raajakeey maadhyamik vidyaalay lediyaa
hanumaanagadh,183 4ke es pee,4keesapee,keesapee,4ke es pee,raajakeey aadars maadhyamik vidyaalay 4keespee
hanumaanagadh,86dabalee baams chugathaa,17Stg,17stg,dabalee baams chugathaa,raajakeey aadars maadhyamik vidyaalay baayaam bhaag kamaanaa
hanumaanagadh,113bhaadaraa,bhaadaraa,bhaadaraa,bhaadaraa,chainavaalee dharmasaalaa vaard nambar 10bhaadaraa baayaam bhaag
hi jayapur,mathadaan kendr kaa bhavan evam pathaa  :,jayapur,jayapur,NA,jayapur kamaraa nambar
udayapur,89saravanee ven,Sarwani,sarwani,saravanee ven,raajakeey praathamik vidhaalay saravanee ven
seekar,26sisyoom,sisyoom,sisyoom,sisyoom,raajakeey seeniyar maadhyamik vidhaalay sisyoom raanoolee daamyaa bhaag
raajasamand,13naabariyaa,gaamv  ०naabariyaa,gaamv naabariyaa,naabariyaa,raajakeey maadhyamik vidyaalay
beekaaner,bhaag mahaadevavaalee,Mahadeowali,mahadeowali,bhaag mahaadevavaalee,raajakeey maadhyamik vidyaalay daayaam bhaag mahaadevavaalee
hi kootaa,161kootadaapuraa,Kotrapura,kotrapura,kootadaapuraa,raajakeey praathamik vidyaalay kootadaapooraa
jaalour,mathadaan kendr kaa bhavan evam pathaa  :,jaaloor,jaaloor,NA,naveen daayaam kamaraa 1jaaloor
hi bharathapur,26peeparee,Peepri,peepri,peeparee,raajakeey praathamik vidyaalay peeparee
joodhapur,"baabaa naadee kabristhaan rood, daamyaa bhaag",joodhapur,joodhapur,baabaa naadee kabristhaan rood daamyaa bhaag,phaij moohammadee praathamik vidyaalay baabaa naadee
h beekaaner,52aadasar,Adsar Purohitan,adsar purohitan,aadasar,raajakeey aadars maadhyamik vidyaalay baayaam bhaag aadasar
joodhapur,173sathalaanaa,sathalaanaa,sathalaanaa,sathalaanaa,raajakiy maadhyamik vidyaalay baamyaa bhaag sathalaanaa
bheelavaadaa,48banedaa,banedaa,banedaa,banedaa,raajakeey baalikaa maadhyamik vidyaalay banedaa kamaraa banedaa
kootaa,212ramg thaalaab,kootaa,kootaa,ramg thaalaab,raajakeey maadhyamik vidyaalay ramgathaalaab nyoo bildimg kamaraa nam
h dhoulapur,118dooഁ kaa puraa,dukaa puraa,dukaa puraa,118doo puraa,raajakeey praathamik vidyaalay doo puraa
beekaaner,85sevadaa,Seora,seora,sevadaa,raajakeey maadhyamik vidyaalay daayaam bhaag sevadaa
h seekar,mathadaan kendr kaa bhavan evam pathaa  :,laakhanee,laakhanee,NA,bhaag
hanumaanagadh,235jooraavarapuraa,3 |11४(jooraavarapuraa,11jooraavarapuraa,jooraavarapuraa,raajakeey maadhyamik vidyaalay praathamik anubhaag jooraavarapuraa
udayapur,37velavadee,velavadee,velavadee,velavadee,raajakeey praathamik vidhaalay velavadee
joodhapur,279jhhaalaamand,jhhaalaamand,jhhaalaamand,jhhaalaamand,raajakeey maadhyamik vidhaalag kamaraa nam 3jhhaalaamand
udayapur,21roojiyaakhunaa,०roojiyaakhunaa,roojiyaakhunaa,roojiyaakhunaa,raajakeey praathamik vidhaalay roojiyaakhunaa
alavar,147hameeraakaa,hameeraakaa,hameeraakaa,hameeraakaa,raajakeey maadhyamik vidyaalay poorvee bhaag kamaraa 3hameeraakaa
beekaaner,"parishad‌ bhavan,",beekaaner,beekaaner,parishad,beekaaner sthaanakavaasee jain mahilaa parishad
hi bharathapur,146abhourraa,Abhaurra,abhaurra,abhourraa,raa0 baa0 u0 praa0 vi0 abhoorraa
jayapur,236roopaahedee khurd may baapoorg൉av,०roopaaheree khurd v baapoor,roopaaheree khurd v baapoor,roopaahedee khurd may baapoorgav,raajakeey aadars maadhyamik vidyaalay baapoogaamv daaayaa bhaag
doomgarapur,47kaahelaa,Kahela,kahela,kaahelaa,raajakeelay maadhyamik vidhaalay kaahelaa
baamsavaadaa,201laalapuraa  (sikshaakarmee  ),LALPURA,lalpura,laalapuraa sikshaakarmee,raajakeey praathamik vidhaalay laalapuraa sikshaakarmee
paalee,191kaaravaadaa,raanaa naadee,raanaa naadee,kaaravaadaa,raajakeey praathamik vidhaalay kaaravaadaa
ajamer,193karalaa,karalaam,karalaam,karalaa,raajakeey praathamik vidyaalay karalaa kamaraa
h toumk,119diggee,diggee,diggee,diggee,raajakeey maadhyamik vidyaalay knam3 diggee
bheelavaadaa,160doulapuraa,Dolpura,dolpura,doulapuraa,raajakeey maadhyamik vidyaalay kamaraa nam doolapuraa
suajhhunoo,mathadaan kendr kaa bhavan evam pathaa  :,malaseesar,malaseesar,NA,malaseesar
udayapur,mathadaan kendr kaa bhavan evam pathaa  :,udayapur,udayapur,NA,galee udayapur
bharathapur,62sinasinee,Sinsini,sinsini,sinasinee,raajakeey maadhyamik vidyaalay sinasinee praathamik khand
qe,262haamoosar,he,NA,haamoosar,raajakeey maadhyamik vidyaalay baayaam bhaag
jayapur,173mahaaveer nagar ditheey,jayapur,jayapur,mahaaveer nagar ditheey,seedalimg madarn haaee skool kn61 mahaaveer nagar ditheey
hi jayapur,mathadaan kendr kaa bhavan evam pathaa  :,jayapur,jayapur,NA,raamamgaj chaipad kamaraa nam
naagour,98loonadaa,loonadaa,loonadaa,loonadaa,raajakeey praathamik vidyaalay loonadaa
naagour,234bhadaanaa,bhadaanaa,bhadaanaa,bhadaanaa,raajakeey praathamik vidyaalay daamyaa bhaag bhadaanaa
seekar,kuresiyaan,seekar,seekar,kuresiyaan,islaamiyaa braamch midil skool mouhallaa kureseeyaan seekar vaard 24baay bhaag
bheelavaadaa,50Teteraray,gaamv  ०badaliyaas,gaamv badaliyaas,teteraray,raajakeey praathamik vidyaalay kamaraa nam badaliyaas
paalee,51baagaavaas,baagaavaas,baagaavaas,baagaavaas,raajakeey praathamik vidyaalay daayaa bhaag baagaavaas
alavar,211dhaakapuree,:,NA,dhaakapuree,raajakeey maadhyamik vidyaalay uththaree bhaag dhaakapuree
doomgarapur,230vaatadaa,vaatadaa,vaatadaa,vaatadaa,raajakeey praathamik vidhaalay vaatadaa
he alavar,244naamgalahedee,Nangalheri,nangalheri,naamgalahedee,raajakeey praathamik vidyaalay naamgalahedee
jayapur,mathadaan kendr kaa bhavan evam pathaa  :,booyathaavaalaa,booyathaavaalaa,NA,saamane booyathaavaalaa kamaraa
jaalour,64ATAITS,Malgarh,malgarh,ataits,raajakeey praathamik vidyaalay baayaa kamaraa maalagadh
gamgaanagar,197 5peeesadee-see,e,NA,5peeesadeesee,raajakeey praathamik vidyaalay 5peeesadeesee
h toumk,183toorad഼ee,tooradee,tooradee,tooradee,pamchaayath tooradee
alavar,65 60phut rood,alavar,alavar,60phut rood,svaraaj maadhyamik vidyaalay kamaraa nam 60phut rood alavar
bharathapur,5dhaanoothaa,Dhanota,dhanota,dhaanoothaa,raajakeey praathamik vidyaalay dhaanoothaa
naagour,241hanumaanajee kee dhaanee (joosaree,joosaree,joosaree,hanumaanajee dhaanee joosaree,raajakeey praathamik vidyaalay hanumaanajee dhaanee joosaree
dousaa,90jeeroothaakhurd,०jiroothaa khurd,jiroothaa khurd,jeeroothaakhurd,raajakeey maadhyamik vidyaalay kamaraa nambar 1jeeroothaakhurd
h beekaaner,31AIHA,Manakrasar,manakrasar,aiha,raajakeey uthkrisht praathamik vidyaalay maanakaraasar
joodhapur,147naneoo,naneu,naneu,naneoo,raajakeey maadhyamik vidyaalay naneoo baamyaa bhaag
toumk,224looneraa,luneraa,luneraa,looneraa,raajakeey praathamik vidyaalay looneraa
alavar,51raajendr nagar SA Ae  4,alavar,alavar,raajendr nagar sa ae,raajakeey praathamik vidyaalay moorasaraay skeem nam 4alavar
qe,5roolaasar,roolaasar,roolaasar,roolaasar,raajakeey maadhyamik vidhaalay
alavar,81gamdhoolaa,gamdhoolaa,gamdhoolaa,gamdhoolaa,raajakeey maadhyamik vidyaalay gamdhoolaa
chooru,167raamaseesar chhajalaaniyaa,raamaseesar chhajalaaniyaa,raamaseesar chhajalaaniyaa,raamaseesar chhajalaaniyaa,raajakeey praathamik vidyaalay daayaa bhaag
jaalour,195paavalee,Pawii,pawii,paavalee,raajakeey praathamik vidyaalay daayaam kamaraa butadiyaa paavalee
dousaa,63mahasaraa kalaam,mahesvaraa kalaam,mahesvaraa kalaam,mahasaraa kalaam,raajakeey maadhyamik vidyaalay kamaraa nam 11mahasaraa kalaam
ajamer,168bijayanagar,०bijayanagar,bijayanagar,bijayanagar,raajakeey praathamik vidyaalay chousalaa bijayanagar
dousaa,183rajavaas,rajavaas,rajavaas,rajavaas,raajakeey maadhyamik vidyaalay kamaraa nambar 2rajavaas
gamgaanagar,233maaler,Maler,maler,maaler,raajakeey maadhyamik vidhaalay baayaa bhaag maaler
raajasamand,mathadaan kendr kaa bhavan evam pathaa  :,naathadvaaraa,naathadvaaraa,NA,naathadvaaraa
h baadamer,11mege kaa gaamv,mege kaa gaav,mege kaa gaav,mege,raajakeey praathamik vidyaalay mege gaav
bheelavaadaa,139bheemadiyaas,Bheemdiyas,bheemdiyas,bheemadiyaas,raajakeey maadhyamik vidyaalay bheemadiyaas kamaraa nam bheemadiyaas
bheelavaadaa,155ARIST,Sahara (Rural),sahara rural,arist,raajakeey baalikaa maadhyamik vidyaalay sahaadaa kamaraa nam sahaadaa
bharathapur,124ATATAr,Sarangpur,sarangpur,atatar,raajakeey praathamik vidyaalay saaramgapur
hanumaanagadh,mathadaan kendr kaa bhavan evam pathaa  :,hanumaanagadh഼,hanumaanagadh,NA,jamksan
doomgarapur,7ATA,Bhasor,bhasor,7ata,raajakeey maadhyamik vidhaalay bhaasour
joodhapur,180rendadee,rendadee,rendadee,rendadee,raajakeey praathamik vidyaalay rendadee
alavar,175pinaan,pinaan,pinaan,pinaan,raajakeey aadars maadhyamik vidyaalay pinaan
jayapur,142thoulaaee,thoulaaee,thoulaaee,thoulaaee,raajakeey praathamik vidyaalay thoulaaee
alavar,168saamoolaa,alavar,alavar,saamoolaa,raajakeey praathamik vidyaalay saamool alavar
alavar,87skeem nam൦2,alavar,alavar,skeem nam2,childaran ekedamee maadhyamik vidyaalay skeem nam
bheelavaadaa,mathadaan kendr kaa bhavan evam pathaa  :,chilesvar,chilesvar,NA,khedaa
udayapur,57udayapur nagar nigam,udayapur,udayapur,udayapur nagar nigam,raajakeey baalikaa maadhyamik vidyaalay sektar 11kamaraa nambar
beekaaner,"lakhoutiyoom kaa chaik,",beekaaner,beekaaner,lakhoutiyoom chaik,sisu kamal baal mamdir kamaraa nam 1lakhoutiyoom chaik
siroohee,135jaaval,Jawal,jawal,jaaval,raajakeey praathamik vidyaalay jaaval
bharathapur,94rithoutee,rithoutee,rithoutee,rithoutee,raajakeey aadars maadhyamik vidyaalay reethootee
alavar,159AeA,Mallana,mallana,159aea,raajakeey maadhyamik vidyaalay mallaanaa
toumk,31samadapuraa,samadapuraa,samadapuraa,samadapuraa,raajakeey praathamik vidyaalay samadapuraa
suajhhunoo,201GY Ft sreft,khemu kee dh഼aanee,khemu kee dhaanee,201gy ft sreft,raajakeey praathamik vidyaalay khemoo dhaanee
joodhapur,173jinajiniyaalaa goovindaa,०jimjaniyaalaa goovimdaa,jimjaniyaalaa goovimdaa,jinajiniyaalaa goovindaa,raajakeey praathamik vidyaalay jinajinayaalaa goovindaa
booadee,227akathaasaa,:,NA,akathaasaa,aadars raajakeey maadhyamik vidyaalay akathaasaa
naagour,28deoo,deu,deu,deoo,raajakeey aadars maadhyamik vidyaalay deoo
ajamer,131kekad഼ee,kekadee,kekadee,kekadee,krishi upaj mandee samithi paryavekshak kamaraa kekadee
h jayapur,44maadhooraajapuraa,maadhooraajapuraa,maadhooraajapuraa,maadhooraajapuraa,raajakeey aadars maadhyamik vidyaalay maadhooraajapuraa daayaam bhaag
joodhapur,207khejad഼alaa,khejadalaa,khejadalaa,khejadalaa,raajakeey maadhyamik vidyaalay praarambhik khand khejadalaadaayaa bhaag
doomgarapur,12paalabookhalaa,Bokhla,bokhla,paalabookhalaa,raajakeey praathamik vidhaalay naaharaver phalaa paalabookhalaa
qe,mathadaan kendr kaa bhavan evam pathaa  :,beedaasar,beedaasar,NA,daayaam bhaag beedaasar
seekar,242haripuraa,haripuraa,haripuraa,haripuraa,raajakeey maadhyamik vidyaalay syaamagadh daayaam bhaag
alavar,148Gls,Khoh,khoh,148gls,atal sevaa graam pamchaayath khooh dareebaa
paalee,49baamthaa,baamthaa,baamthaa,baamthaa,raajakeey praathamik vidhaalay baalikaa daayaa bhaag baamthaa
raajasamand,136taadaavaadaa gujaraan,taadaavaadaa gujaraan,taadaavaadaa gujaraan,taadaavaadaa gujaraan,raajakeey aardas praathamik vidhaalay
seekar,mathadaan kendr kaa bhavan evam pathaa  :,hasaamapur,hasaamapur,NA,kamaraa nam18
jaisalamer,mathadaan kendr kaa bhavan evam pathaa  :,०jaisalamer,jaisalamer,NA,jaisalamer
baamsavaadaa,75vaard nam-7 v  8,baamsavaad഼aa,baamsavaadaa,vaard nam7,kaaryaalay up van samrakshak baamsavaadaa daahood rood
baadamer,60daanapuraa,daanapuraa,daanapuraa,daanapuraa,raajakeey praathamik vidyaalay daanapuraa
ajamer,226paandaravaad഼aa,paamdaravaadaa,paamdaravaadaa,paandaravaadaa,raajakeey praathamik vidyaalay paandaravaadaa
baamsavaadaa,195paadalaa,PADLA MOKHA,padla mokha,paadalaa,raajakeey praathamik vidhaalay paadalaa daayaa
raajasamand,209kaakamravaa  (baayaa gaamv,०kaamkaravaa,kaamkaravaa,kaakamravaa baayaa,raajakeey maadhyamik vidyaalay
baamsavaadaa,100soomajeepaadaa,soomajeepaad഼aa,soomajeepaadaa,soomajeepaadaa,raajakeey praathamik vidyaalay soomajeepaadaa
jayapur,112AACA,amarasar,amarasar,aaca,raajakeey maadhyamik vidyaalay amarasar kamaraa nam
udayapur,89raavaliyaa khurd,raavaliyaa khurd,raavaliyaa khurd,raavaliyaa khurd,raajakeey maadhyamik vidhaalaybaayaam bhaag raavaliyaa khurd
joodhapur,masooreeyaa kamaraa n  3,joodhapur,joodhapur,masooreeyaa kamaraa,rootaree maadhyamik vidyaalay
udayapur,198jhhaamar kootatad഼aa,jhhaamar kootad഼aa,jhhaamar kootadaa,jhhaamar kootatadaa,raajakeey maadhyamik vidyaalay jhhaamarakootadaa baamyaa bhaag
savaaeemaadhoopur,146sooravaal,sooravaal,sooravaal,sooravaal,raajakeey maadhyamik vidyaalay sooravaal kamaraa nam0
hi jayapur,mathadaan kendr kaa bhavan evam pathaa  :,gaamv  ०saambhariyaa,gaamv saambhariyaa,NA,NA
bheelavaadaa,191balaand(sivapuree,balaand  (sivapuree  ),balaand sivapuree,balaandsivapuree,raajakeey praathamik vidyaalay kamaraa nam balaand
alavar,87gvaaladaa,gvaaladaa,gvaaladaa,gvaaladaa,pamchaayath gvaaladaa atal sevaa
jaalour,152paaladee soolamkiyaan,Palri Solankiyan,palri solankiyan,paaladee soolamkiyaan,raajakeey maadhyamik vidyaalay paaladee soolamkiyaan
gamgaanagar,34 6pee es,6PS,6ps,6pee es,raajakeey praathamik vidyaalay 6peees
8toumk,mathadaan kendr kaa bhavan evam pathaa  :,toomk,toomk,NA,palatan toomk daamyaa bhaag toomk
8gamgaanagar,88 48UH,49eph,49eph,48uh,raajakeey praathamik paathasaalaa 48eph
baaraa,186chaamchoudaa,Chanchoda,chanchoda,chaamchoudaa,raajakeey praathamik vidyaalay chaachoodaa
hanumaanagadh,117bhaadaraa,bhaadaraa,bhaadaraa,bhaadaraa,baapoovaaloom dharmasaalaa vaard nambar 15bhaadaraa daayaam bhaag
ajamer,mathadaan kendr kaa bhavan evam pathaa  :,ajamer (nagar nigam,ajamer nagar nigam,NA,saamane vaalaa kamaraa staaph
joodhapur,157jaagariyaa,०jaagariyaa,jaagariyaa,jaagariyaa,raajakeey maadhyamik vidyaalay jaagariyaa
ajamer,171siroomj,siroomj,siroomj,siroomj,raajakeey maadhyamik vidyaalay siroomj poo bhaag simrooj
alavar,42moonapur,Moonpur,moonpur,moonapur,raajakeey praathamik vidyaalay uththaree bhaag moonapur
h beekaaner,132gajaroopadesar,Gajroopdesar,gajroopdesar,gajaroopadesar,raajakeey aadars maadhyamik vidyaalay baayaam bhaag gajaroopadesar
paalee,96saadadee,saadadee,saadadee,saadadee,raajakeey praathamik vidyaalay bhaadaraas daayaam bhaag saadadee
dhoulapur,35nayaa nagalaa,doonaaree,doonaaree,nayaa nagalaa,raajakeey praathamik vidyaalay nayaa nagalaa dounaaree
baamsavaadaa,169kusalagadh഼,kusalagadh഼,kusalagadh,kusalagadh,kaaryaalay nagarapaalikaa kusalagadh
h paalee,147laakhaa kheth neechalaa,laakhaa kheth,laakhaa kheth,laakhaa kheth neechalaa,raajakeey praathamik viadyaalay laakhaa kheth neechalaa
suajhhunoo,39goopaalapuraa,goopaalapuraa,goopaalapuraa,goopaalapuraa,raa praa vi goopaalapuraa
gamgaanagar,sree gamgaanagar,०gamgaanagar,gamgaanagar,sree gamgaanagar,raajakeey praathamik vidyaalay th 4phaayar bigred baayaa bhaag
hanumaanagadh,67chaaranavaasee,chaaranavaasee,chaaranavaasee,chaaranavaasee,raajakeey praathamik vidyaalay baayaam bhaag chaaranavaasee
gamgaanagar,7 26UH UH,26,NA,26uh uh,raajakeey praathamik vidyaalay 26ephaeph
jayapur,6mooradaa,mooradaa,mooradaa,mooradaa,raajakeey praathamik vidyaalay mooradaa kamaraa nambar
siroohee,210deranaa,Derna,derna,deranaa,raajakeey praathamik vidyaalay deranaa
qe,220sulakhaniyaam chhootaa,sulakhaniyaa chhootaa,sulakhaniyaa chhootaa,sulakhaniyaam chhootaa,raajakeey maadhyamik vidyaalay baayaa bhaag sulakhaniyaa chhootaa
hi jayapur,74khedee aloophaa,khedee aloophaa,khedee aloophaa,khedee aloophaa,raajakeey praathamik samskrith vidyaalay khedee aloophaa kamaraa nambaram
paalee,151gudiyaa,Guriya,guriya,gudiyaa,raajakeey maadhyamik vidyaalay gudiyaa
baadamer,140harasaanee,Harsani,harsani,harasaanee,raajakeey maadhyamik vimdyaalay baayaa bhaag harasaanee
jaalour,179maalavaadaa,Malwara,malwara,maalavaadaa,raajakeey seeniyar maadhyamik vidyalaay daayaa kamaraa maalavaadaa
joodhapur,puliyaa choopaasanee haausimg boord daamyaa bhaag,joodhapur,joodhapur,puliyaa choopaasanee haausimg boord daamyaa bhaag,raajakeey mahaavidyaalay pratham puliyaa choopaasanee haausimg boord
qe,121sulakhaniyaam,sulakhaniyaa,sulakhaniyaa,sulakhaniyaam,raajakeey aadars maadhyamik vidyaalay baamyaa bhaag sulakhaniyaam
udayapur,20val‍labh nagar,०vallabh nagar,vallabh nagar,vallabh nagar,raajakeey maadhyamik vidhaalay valalabhanagar chhaaparaaman
8savaaeemaadhoopur,167Hele,kataar,kataar,hele,raajakeey praathamik vidyaalay kataar
prathaapagadh,170heeraavaas,heeraavaas,heeraavaas,heeraavaas,raajakeey praathamik vidhaalay heeraavaas
baadamer,234amboom kaa baadaa,amboo kaa baadaa,amboo kaa baadaa,amboom baadaa,raajakeey maadhyamik vidyaalay baayaa bhaag laakhetaa aamboo baadaa
jaalour,234beejarool khedaa,Bijrol Khera,bijrol khera,beejarool khedaa,raajakeey maadhyamik vidyaalay beejarool khedaa
hanumaanagadh,98peeleebamgaa mamdee,०peeleebamgaa,peeleebamgaa,peeleebamgaa mamdee,jeeniyas pablik seeniyar saikandaree skool daayaa bhaag peeleebamgaa
joodhapur,87pannaasar,Pannasar,pannasar,pannaasar,raajakeey praathamik vidyaalay pannaasar
hi suajhhun,34kheevaamsar,kheevaamsar,kheevaamsar,kheevaamsar,raajakeey praathamik vidyaalay daamyaa bhaag kheemvaasar
suajhhun,35AAT,jhhujhhanoom,jhhujhhanoom,35aat,jeabee saah garlas kaalej baamyaa bhaag
jaalour,204bhaadaroonaa,Bhadarna,bhadarna,bhaadaroonaa,raajakeey maadhyamik vidyaalay kamaraa bhaadaranaa
karoulee,93goopeepur,GOPIPUR,gopipur,goopeepur,raajakeey praathamik vidyaalay goopeepur
ajamer,241roopanagar aranaalee,roopanagar aranaalee,roopanagar aranaalee,roopanagar aranaalee,raajakeey praathamik vidyaalay roopanagar aranaalee dakshinee
booadee,20boondee,boomdee,boomdee,boondee,raajakeey kanyaa mahaavidyaalay boodee poorvee bhaag k0anam0
jayapur,49Pastas renavaal,kisanagadh഼ renavaal,kisanagadh renavaal,pastas renavaal,raajakeey praathamik vidyaalay haatheepuraa kisanagadh renavaal kamaraa nam
h baadamer,215gamgaavaas,Gangawas,gangawas,gamgaavaas,raajakeey maadhyamik vidhaalay madhy bhaag gamgaavaas
jayapur,31nivaanaa,nivaanaa,nivaanaa,nivaanaa,raajakeey baalikaa praathamik vidyaalay nivaanaa baamyaa bhaag
jhhaalaavaad,153mooeekalaam,mooikalaam,mooikalaam,mooeekalaam,raajakeey praathamik vidyaalay mooeekalaam
h beekaaner,216jaakhaasar puraanaa,Ranasar Hansawatanr,ranasar hansawatanr,jaakhaasar puraanaa,raajakeey praathamik vidyaalay bhavanjaakhaasar puraanaa
booadee,212bevadi൦ayaa,bevadeeyaa,bevadeeyaa,bevadiayaa,raajakeey praathamik vidyaalay bevadiayaa
hi jayapur,mathadaan kendr kaa bhavan evam pathaa  :,jayapur,jayapur,NA,nam
kootaa,106basanan‍th bihaar,kootaa,kootaa,basananth bihaar,raajakeey maadhyamik vidyaalay baalaakund kootaa kamaraa nambar
beekaaner,"madhy bhaag, kudasoo",०Koodsoo,koodsoo,madhy bhaag kudasoo,raajakeey maadhyamik vidyaalay madhy bhaag
bheelavaadaa,134bhaaladee khedaa,Bhalri Khera,bhalri khera,bhaaladee khedaa,raajakeey praathamik vidyaalayn bhaaladee khedaa kamaraa nam bhaaladee khedaa
joodhapur,46raajavaa,raajavaa,raajavaa,raajavaa,raajakeey praathamik vidyaalay raajavaa
jayapur,56aamaloodaa,aamaloodaa,aamaloodaa,aamaloodaa,raajakeey praathamik vidyaalay aamaloodaa kamaraa nam
toumk,232kookad഼,kookad഼,kookad,kookad,raajakeey aadars maadhyamik vidyaalay kookad kookad
kootaa,220raavalee,gaamv  ०raavalee,gaamv raavalee,raavalee,raajakeey praathamik vidyaalay raavalee kamaraa nam0
hi bharathapur,78kumhaaredee,Kumharedi,kumharedi,kumhaaredee,raajakeey praathamik vidyaalay kumhaaredee
baamsavaadaa,210bambooree,BAMBORI,bambori,bambooree,raajakeey praathamik vidhaalay bambooree
bheelavaadaa,113kaamganee,Kangani,kangani,kaamganee,raajakeey aadars maadhyamik vidyaalay kaamganee kamaraa nam kaamganee
udayapur,8bikaranee,bikaranee,bikaranee,bikaranee,raajakeey maadhyamik vidhaalay baamyaa bhaag bikaranee
baamsavaadaa,108mundree upalaapaadaa,MUNDRI,mundri,mundree upalaapaadaa,raajakeey maadhyamik vidyaalay mundree nichalaapaadaa
dhoulapur,31thaseemoom,Taseemo,taseemo,thaseemoom,atal sevaa thaseemoum
h jaalour,231bhoothel,Bhootel,bhootel,bhoothel,raajakeey praathamik vidyaalay bhoothel
naagour,170gileedh഼aanee (giradhaareepuraa,giradhaareepuraa,giradhaareepuraa,gileedhaanee giradhaareepuraa,raajakeey praathamik vidyaalay gilee dhaanee giradhaareepuraa
h baaraa,63maamgarool,maamgarool,maamgarool,maamgarool,raajakeey maadhyamik vidyaalay maamgarool kamaraa nam
jayapur,210thoomgaa,thoomgaa,thoomgaa,thoomgaa,raajakeey aadars maadhyamik vidyaalay thoomgaa saamane bhaag
hi bharathapur,10brahmabaad,Brahmawad,brahmawad,brahmabaad,raajakeey kanyaa maadhyamik vidyaalay brahmabaad
jayapur,183choumoo,choumoom,choumoom,choumoo,maadhyamik baalikaa aadars vidhaa kesav nagar choumoom kamaraa
alavar,103mirachoonee,mirachunee,mirachunee,mirachoonee,raajakeey praathamik vidyaalay mirachoonee
jaalour,79dhanavaadaa,Dhanwara,dhanwara,dhanavaadaa,raajakeey praathamik vidyaalay dhanavaadaa
bharathapur,187puraa,Pura,pura,puraa,raajakeey praathamik vidyaalay puraa
naagour,77aagunthaa,aagunthaa,aagunthaa,aagunthaa,raajakeey maadhyamik vidyaalay aagunthaa daayaam bhaag aagunthaa
alavar,139masaaree,Masari,masari,masaaree,raajakeey praathamik vidyaalay iamdiraa kaloonee masaaree
bharathapur,232Sear,Daurda,daurda,sear,raajakeey maadhyamik vidyaalay douradaa daamyaa bhaag
hi kootaa,149latooree,Latoori,latoori,latooree,raajakeey maadhyamik vidyaalay latooree kamaraa nambar
doomgarapur,235chikhalee,chikhalee,chikhalee,chikhalee,raajakeey baalikaa maadhyamik vidhaalay chikhalee
raajasamand,77devaanaa,०devaanaa,devaanaa,devaanaa,raajakeey praathamik vidhaalay devaanaa
seekar,mathadaan kendr kaa bhavan evam pathaa  :,seekar,seekar,NA,pahalaa kamaraa
seekar,vidyaalay kiradoolee naee vig,kiradoolee,kiradoolee,vidyaalay kiradoolee naee vig,raajakeey maadhyamik vidhaalay naee vimg kiradoolee
jaalour,147HAST,Kawrada,kawrada,hast,aadars raajakeey maadhyamik vidyaalay baayaa kamaraa kavaraadaa
qe,113baaleraa,baalemraa,baalemraa,baaleraa,raajakeey maadhyamik vidyaalay baayaam bhaag baaleraa
seekar,5thid഼ookee bad഼ee,thidookee badee,thidookee badee,thidookee badee,raajakeey maadhyamik vidyaalay daamyaa bhaag thidookee badee
suajhhunoo,136gud഼aa,gudaa,gudaa,gudaa,raajakeey baalikaa praathamik vidyaalay gudaa
chiththoudagadh,84thumbadi൦ayaa,thumbadiyaa,thumbadiyaa,thumbadiayaa,raajakeey maadhyamik vidayaalay thumbadiyaa
naagour,33baasanee sejaa,baasanee sejaa,baasanee sejaa,baasanee sejaa,raajakeey baalikaa praathamik vidyaalay baasanee sejaa
paalee,316thanee,thanee,thanee,thanee,raajakeey praathamik vidyaalay thanee
gamgaanagar,227 56Ua Wa tt,० 56elaenapee,elaenapee,56ua wa tt,raajakeey praathamik vidyaalay 56elaenapee
seekar,107ganoodaa,ganoodaa,ganoodaa,ganoodaa,raajakeey maadhyamik vidhaalay ganoodaa daayaa bhaag
alavar,67ballupuraa,Balloopura,balloopura,ballupuraa,raajakeey aadars maadhyamik vidyaalay balloopuraa poorvee bhaag
jayapur,83raavapuraa,raavapuraa,raavapuraa,raavapuraa,raajakeey maadhyamik vidyaalay raavapuraa knam4
baadamer,101tharadoo kaa thalaa,tharadoo kaa thalaa,tharadoo kaa thalaa,tharadoo thalaa,raajakiy praathamik vidhaalay tharadoo thalaa
joodhapur,172khaaraa,khaaraa,khaaraa,khaaraa,raajakeey maadhyamik vidyaalay khaaraa daamyaa bhaag
dousaa,41nimaalee,nimaalee,nimaalee,nimaalee,raajakeey maadhyamik vidyaalay nimaalee
hi jayapur,mathadaan kendr kaa bhavan evam pathaa  :,jayapur,jayapur,NA,kamaraa
paalee,31raajakiyaavaas kalaam,raajakeeyaavaas kalaa,raajakeeyaavaas kalaa,raajakiyaavaas kalaam,raajakeey praathamik vidhaalay raajakiyaavaas kalaa
siroohee,131vaateraa,Vatera,vatera,vaateraa,raajakeey maadhyamik vidyaalay baamyaa bhaag vaateraa
chiththoudagadh,66raghunaathapuraa,raghunaathapuraa,raghunaathapuraa,raghunaathapuraa,raajakeey maadhyamik vidayaalay raghunaathapuraa
suajhhunoo,98jayasimhasar,jayasimhasar,jayasimhasar,jayasimhasar,raa u praa vi jayasimhasar
suajhhun,235ATTA,maalasar,maalasar,atta,raajakeey maadhyamik vidyaalaybaayaam bhaag maalasar
naagour,58bheelaal,bheelaal,bheelaal,bheelaal,raajakeey praathamik vidyaalay kamaraa nam bheelaal
paalee,219sevaadee,sevaadee,sevaadee,sevaadee,raajakeey aadars maadhyamik vidyaalay daayaa bhaag sevaadee
bheelavaadaa,135maamjhhaavaas,Majhawas,majhawas,maamjhhaavaas,raajakeey aadars maadhyamik vidyaalay maajhhaavaas kamaraa nam maajhhaavaas
hi joodhapur,104narasimh puraa,Narsinghpura,narsinghpura,narasimh puraa,raajakeey praathamik vidhaalagn narasimhapuraa
jayapur,124jhharanaa,jhharanaa,jhharanaa,jhharanaa,raajakeey maadhyamik vidyaalay jhharanaa
chiththoudagadh,112mootheepuraa,mootheepuraa,mootheepuraa,mootheepuraa,raajakeey maadhyamik vidayaalay mootheepuraa
baamsavaadaa,9katiyoor,KATIYOR,katiyor,katiyoor,raajakeey praathamik vidhaalay katiyoor
joodhapur,219moogadaa kalaam,moogadaa kalaam,moogadaa kalaam,moogadaa kalaam,seth javaanamal saamasukh raajakeey maadhyamik baayaa bhaag vidhaalay
gamgaanagar,12WarerHa  (84ax st Fh),84RB-B,84rbb,warerha 84ax st fh,raajakeey maadhyamik vidyaalay lakhaahaakam
jayapur,152saambhar lek,saambhar nagar paalikaa,saambhar nagar paalikaa,saambhar lek,saamudaayik naayakoo dadaa saambhar lek
karoulee,158addaa (dvitheey bhaag,addoodaa,addoodaa,addaa dvitheey bhaag,raajakeey maadhyamik vidyaalay adoodaa daayaa bhaag
alavar,235thoolaavaas,Tolawas,tolawas,thoolaavaas,raajakeey praathamik vidyaalay thoolaavaas
naagour,192choolookhaam,chouloo khaam,chouloo khaam,choolookhaam,raajakeey maadhyamik vidyaalay daayaam bhaag choolookhaam
kootaa,15ramgabaadee,kootaa,kootaa,ramgabaadee,raajakeey praathamik vidyaalay veerasaavarakar nagar kootaa kamaraa nambar
hi suajhhun,73facaar,sirasalaa,sirasalaa,facaar,raa maadhyamik vi sirasalaa baayaa bhaag
baadamer,265goodaaroo kee beree,goodaaroom kee beree,goodaaroom kee beree,goodaaroo beree,raajakeey praathamik vidyaalay goodaaroom beree
bheelavaadaa,68bilood,Bilod,bilod,bilood,raajakeey praathamik vidyaalay kamaraa nam bilood
booadee,105arat,laakheree,laakheree,arat,raajakeey baalikaa maadhyamik vidyaalay kanam 1laakheree
prathaapagadh,116beelakaavaas,bilakaavaas,bilakaavaas,beelakaavaas,raajakeey praathamik vidhaalay bilakaavaas
udayapur,87bhaanadaa,bhaanadaa,bhaanadaa,bhaanadaa,raajakeey maadhyamik vidyaalay bhaanadaa kamaraa nambar 01
jayapur,177A,choumoom,choumoom,177a,raajakeey pravesikaa samskrith vidyaalay veer hanumaan maarg choomoo kamaraa
qe,193abhayapuraa,abhayapuraa,abhayapuraa,abhayapuraa,raajakeey praathamik vidyaalay abhayapuraa
alavar,219barakhedaa,:,NA,barakhedaa,raajakeey maadhyamik vidyaalay dakshin bhaag barakhedaa
suajhhunoo,8CAH,tamakoor,tamakoor,8cah,raajakeey maadhyamik vidyaalay tamakoor
ajamer,252wget,labooree,labooree,wget,raajakeey praathamik vidyaalay labooree
alavar,72haajeepur,Hajipur,hajipur,haajeepur,deevaan raajakeey maadhyamik vidyaalay paschim bhaag haajeepur
toumk,125ganesapuraa,ganesapuraa,ganesapuraa,ganesapuraa,raajakeey praathamik vidyaalay ganesapuraa laavaa
seekar,bhoojaa kee dhaanee,bhoojaa kee dhaanee,bhoojaa kee dhaanee,bhoojaa dhaanee,raajakeey praathamik vidhaalay bhoojaakeedhaanee
toumk,197sedariyaa khurd,saidariyaa khurd,saidariyaa khurd,sedariyaa khurd,raajakeey maadhyamik vidyaalay saidariyaa khurd
raajasamand,22kelavaa,०kelavaa,kelavaa,kelavaa,raajakeey praathamik vidyaalay kelavaa
bheelavaadaa,259chaavandiyaa,Chawandiya,chawandiya,chaavandiyaa,raamaa vi chaavamdiyaa chaamvadiyaa
dhoulapur,145bijoolee,bijoulee,bijoulee,bijoolee,raajakeey maadhyamik vidyaalay bijoulee baayaa bhaag
jhhaalaavaad,144kootadaa jaageer,kootaraa jaageer,kootaraa jaageer,kootadaa jaageer,raajakeey praathamik vidyaalay kootadaa jaageer
naagour,158booraavad,०kaaseenagar,kaaseenagar,booraavad,aaeediyal pablik skool paschimee bhaag booraavad
kootaa,89itaavaa,itaavaa,itaavaa,itaavaa,saarvajanik raamadev thyaagee dharmasaalaa nagar paalikaa itaavaa k n
seekar,83deraavaalee,deraavaalee,deraavaalee,deraavaalee,raajakeey maadhyamik vidyaalay deraavaalee daamyaa bhaag
naagour,164saradaarapuraa kalaam,saradaarapuraa kalaam,saradaarapuraa kalaam,saradaarapuraa kalaam,raajakeey maadhyamik vidyaalay saradaarapuraa kalaam baamyaa bhaag
hi joodhapur,93indoolaaee,Indra Nagar,indra nagar,indoolaaee,raajakeey praathamik vidyaalay indoolaaee naadee
naagour,230bamvaal,bamvaal,bamvaal,bamvaal,raajakeey praathamik vidyaalay dakshinee bhaag bamvaal
booadee,230lesaradaa,Lesarda,lesarda,lesaradaa,raajakeey aadars maadhyamik vidyaalay kanam 1lesaradaa
gamgaanagar,146maanakasar,Manaksar,manaksar,maanakasar,raajakeey maadhyamik vidhaalay daayaam bhaag maanakasar
siroohee,254siroohee-11,siroohee,siroohee,siroohee11,kaaryaalay alpasamkhyak kalyaan adhikaaree vakph boord siroohee25
joodhapur,95imaamanagar,imaamanagar,imaamanagar,imaamanagar,raajakeey praathamik vidyaalay imaamanagar
naagour,127bood഼ind khurd,bood഼ind khurd,boodind khurd,boodind khurd,raajakeey praathamik vidyaalay boodind khurd
udayapur,121sreemaaliyoo kee maadadee,sreemaaliyoom kee maadadee,sreemaaliyoom kee maadadee,sreemaaliyoo maadadee,raajakeey praathamik vidyaalay sreemaaliyoo maadadee
hi suajhhun,247gujaravaas,gujaravaas,gujaravaas,gujaravaas,raa9 aadars maadhyamik vi daayaa bhaag gujaravaas
dhoulapur,37kaimtharee,kaitharee,kaitharee,kaimtharee,boohare baabu laal raajakeey maadhyamik vidyaalay kaimtharee baamyaa bhaag
dhoulapur,6sihoolee,Siholi,siholi,sihoolee,raajakeey maadhyamik vidyaalay sihoolee
jaalour,92baadanavaadee,Badanwari,badanwari,baadanavaadee,aadars raajakeey maadhyamik vidyaalay baayaam kamaraa baadanavaadee
suajhhunoo,mathadaan kendr kaa bhavan evam pathaa  :,looyal,looyal,NA,looyal baamyaa bhaag
jayapur,76doodoo,doodoo,doodoo,doodoo,raajakeey aadars maadhyamik vidyaalay doodoo kamaraa nambar 23
hi jayapur,mathadaan kendr kaa bhavan evam pathaa  :,jayapur,jayapur,NA,nam2 mukhy hal baayee or navanirmith kamaraa nam2
jayapur,57Hatt,mamhagee,mamhagee,hatt,raajakeey maadhyamik vidyaalay mahamgee daamyaa bhaag kamaraa nam
jaisalamer,mathadaan kendr kaa bhavan evam pathaa  :,raamagadh,raamagadh,NA,raamagadh
baamsavaadaa,102jhher,JHER,jher,jhher,raajakeey praathamik vidhaalay jhher
joodhapur,mahilaabaag,joodhapur,joodhapur,mahilaabaag,raajakeey maadhyamik vidyaalay mahilaa baag kamaraa nambar
dousaa,111moujapur,:,NA,moujapur,raajakeey praathamik vidyaalay moujapur
joodhapur,162Acleat Har,aratiyaa kalaam,aratiyaa kalaam,acleat har,raajakeey maadhyamik vidyaalay aratiyaa kalaam daamyaa bhaag
udayapur,292eetaaleekhed഼aa,intaalee khedaa,intaalee khedaa,eetaaleekhedaa,raa maa vi eentaalee khedaa madhy bhaag eentaalee khedaa
jayapur,203Alearet,jayapur,jayapur,alearet,raajasthaan vidyaa seesaiskool jagannaath puree knam4
chooru,143ALaqreasr,saradaarasahar,saradaarasahar,alaqreasr,nandesvar samithi choudharee kuaa baayaa bhaag
kootaa,mathadaan kendr kaa bhavan evam pathaa  :,kootaa,kootaa,NA,nambar
raajasamand,"97nyoo kootaj, naathadvaaraa",naathadvaaraa,naathadvaaraa,nyoo kootaj naathadvaaraa,raajakeey baalikaa maadhyamik vidyaalay naathadvaaraa
hi jayapur,3gathavaadee,ghatavaadee,ghatavaadee,gathavaadee,raajakeey maadhyamik vidyaalay gathavaadee kamaraa nam
udayapur,200WAT,raamaa,raamaa,200wat,raajakeey praathamik vidhaalay mootaa bheelavaadaa
jayapur,167baadadhaamasyaa,heeraapuraa,heeraapuraa,baadadhaamasyaa,raajakeey maadhyamik vidyaalay dhaamasyaa baayaam bhaag
8baadamer,108khaaraavaalaa,khaaraavaalaa,khaaraavaalaa,khaaraavaalaa,raajakeey praathamik vidyaalay
naagour,94bhaiyaa khurd,bheyaa khurd,bheyaa khurd,bhaiyaa khurd,raajakeey praathamik vidyaalay kamaraa nam2 bhaiyaakhurd
doomgarapur,32doolavareeyaam0 kaa odaa,Dolwariyon Ka Ora,dolwariyon ka ora,doolavareeyaam0 odaa,raajakeey praathamik vidhaalay doolavariyoom odaa
joodhapur,260thabookadaa,Thabukra,thabukra,thabookadaa,raajakeey praathamik vidyaalay thabukadaa daamyaa bhaag
dhoulapur,198gooleepuraa,Golipura,golipura,gooleepuraa,raajakeey praathamik vidyaalay gooleepuraa
siroohee,mathadaan kendr kaa bhavan evam pathaa  :,aaboorood,aaboorood,NA,luniyaapuraa
hi bharathapur,86bayaanaa,Bayana  (Rural  ),bayana rural,bayaanaa,raajakeey praathamik vidyaalay bheemanagar
alavar,154aamaalaa,aamaalaa,aamaalaa,aamaalaa,raajakeey praathamik vidyaalay aamaalaa
beekaaner,kaakad഼avaalaa,Kankarwala,kankarwala,kaakadavaalaa,raajakeey maadhyamik vidhaalay baayaa bhaag kaamkadavaalaa
baaraa,136dhootee,dhootee,dhootee,dhootee,raajakeey maadhyamik vidyaalay dhootee
chiththoudagadh,303kootad഼aa,Kotada,kotada,kootadaa,raajakeey praathamik vidayaalay kootadaa
siroohee,75raamapuraa,Rampura,rampura,raamapuraa,raajakeey praathamik vidyaalay raamapuraa
alavar,103nagar parishad,alavar,alavar,nagar parishad,nagar parishad kaaryaalay kamaraa nam 1alavar
raajasamand,79devalee,devalee,devalee,devalee,raajakeey aadars praathamik vidhaalay devalee
suajhhunoo,17baloudaa,baaloumdaa,baaloumdaa,baloudaa,raajakeey maadhyamik vidyaalay baayaa bhaag baloumdaa
hi jayapur,3svej phaarm,jayapur,jayapur,svej phaarm,mahaathmaa jyootheeraav phoole kalej nyoo saamgaaner rood svejaphaarm kamaraa nambar4
joodhapur,129laakhadumb,laakharathumb,laakharathumb,laakhadumb,raajakeey praathamik vidyaalay laakhaadathumb
paalee,122bagadee nagar,bagadee,bagadee,bagadee nagar,raajakeey aadars maadhyamik vidyaalay poorvee bhaag bagadee nagar
joodhapur,238saaee,Sai,sai,saaee,svaamee vivekaanand raajakeey madal vidhaalay saaee daayaa bhaag
doomgarapur,94bheelavaa pamchelaa,Bheelwa Panchela,bheelwa panchela,bheelavaa pamchelaa,raajakeey praathamik vidhaalay bheelavaa pamchelaa baayaa bhaag
booadee,292rootedaa,Roteda,roteda,rootedaa,raajakeey aadars maadhyamik vidyaalay kanam 1rootedaa
raajasamand,240doolaa jee kaa khedaa,doolaa jee kaa khedaa,doolaa jee kaa khedaa,doolaa jee khedaa,raajakeey praathamik vidyaalay doulaa jee khedaa
paalee,mathadaan kendr kaa bhavan evam pathaa  :,०pipaleeyaa kalaam,pipaleeyaa kalaam,NA,pipaliyaa kalaam
hanumaanagadh,130joogeevaalaa,11Jgw,11jgw,joogeevaalaa,raajakeey maadhyamik vidyaalay joogeevaalaa baayaam bhaag
raajasamand,91raajasamand,raajasamand,raajasamand,raajasamand,raajakeey praathamik vidyaalay gaadariyaavaas raajanagar
qe,185chhaapar,chhaapar,chhaapar,chhaapar,jan raajakeey baalikaa maadhyamik vidyaalay baayaam bhaag chhaapar
jaalour,16aaravaa,Arwa,arwa,aaravaa,raajakeey praathamik vidyaalay aaravaa
udayapur,139aambaabadalee,maakadaseemaa,maakadaseemaa,aambaabadalee,raajakeey sikshaakarmee praathamik vidhaalay moothaavathth thalaai aambaabadalee
ajamer,275kanaee khurd,pega,pega,kanaee khurd,raajakeey praathamik vidyaalay kaneeekhurd
beekaaner,raaneesar,Ranisar,ranisar,raaneesar,raajakeey praathamik vidyaalay
paalee,128nimbaadaa,nimbaad഼aa,nimbaadaa,nimbaadaa,raajakeey aadars maadhyamik vidyaalay daamyaa bhaag nimbaadaa
naagour,34raavoom kee dhaanee,raavoo kee daanee,raavoo kee daanee,raavoom dhaanee,raajakeey praathamik vidyaalay raavoom dhaanee
jhhaalaavaad,18Alas,jhhaalaavaad഼,jhhaalaavaad,alas,nagar parishad jhhaalaavaad
kootaa,222roopaahedaa,roopaahedaa,roopaahedaa,roopaahedaa,raajakeey maadhyamik vidyaalay roopaahedaa kamaraa
h baaraa,155daamthaa,Kelwara,kelwara,daamthaa,raajakeey maadhyamik vidyaalay daamthaa kamaraa nam0
seekar,4kachamnapur,kamchanapur,kamchanapur,kachamnapur,atal sevaa kamchanapur
dousaa,163nayaagaamv,०nayaa,nayaa,nayaagaamv,raajakeey samskrith praathamik vidyaalay nayaagaamv
alavar,263nyaanaa,Nyana,nyana,nyaanaa,raajakeey maadhyamik vidyaalay nyaanaa
naagour,192Bastar,aajavaa,aajavaa,bastar,raajakeey praathamik vidyaalay puraanaa aajavaa
qe,13daayaa bhaag jaithaasar,jaithaasar,jaithaasar,daayaa bhaag jaithaasar,raajakeey maadhyamik vidyaalay daayaa bhaag
siroohee,138khaakharavaadaa,Khakarwara,khakarwara,khaakharavaadaa,raajakeey praathamik vidyaalay baamyaa bhaag khaakharavaadaa
bharathapur,12bhoodaaget deeg,deeg,deeg,bhoodaaget deeg,bajaramg praathamik vidyaalay bhoodaa get deeg
ajamer,101Wert,muhaamee (moohamee,muhaamee moohamee,wert,raajakeey maadhyamik vidyaalay kamaraa nam muhaamee
naagour,231riyaabad഼ee,riyaam badee,riyaam badee,riyaabadee,pamchaayath samithi kaaryaalay poorvee bhaag riyaam badee
hanumaanagadh,15nyoulakhee,nyoulakhee,nyoulakhee,nyoulakhee,raajakeey maadhyamik vidyaalay madhy bhaag nyoolakhee
joodhapur,206khejad഼alaa,khejadalaa,khejadalaa,khejadalaa,raajakeey maadhyamik vidyaalay khejadalaa baamyaa bhaag
kootaa,245dhootee,dh഼ootee,dhootee,dhootee,raajakeey maadhyamik vidyaalay dhootee kamaraa
udayapur,95Shears,beedaghaas,beedaghaas,shears,raajakeey praathamik vidyaalay beedaghaas
paalee,32phaalakaa,phaalakaa,phaalakaa,phaalakaa,raajakeey aadars maadhyamik vidyaalay madhy bhaag phaalakaa
joodhapur,"theliyoom kaa madarasaa,bambaa moohallaa",joodhapur,joodhapur,theliyoom madarasaabambaa moohallaa,naagouree theliyaan praaskool theleeyaa madarasaa bambaa mou saamane vaalaa hal
doomgarapur,22choukee,:,NA,choukee,raajakeey maadhyamik vidhaalay choukee daayaa bhaag
booadee,110arat,laakheree,laakheree,arat,raajakeey maadhyamik vidyaalay kamaraa nam 2laakheree
naagour,159jaayal,jaayal,jaayal,jaayal,raajakeey praathamik vidyaalay jaayal
bharathapur,206sanahoolee,Sanhooli,sanhooli,sanahoolee,raajakeey praathamik vidyaalay sanahoolee
jayapur,118maanasaroovar,jayapur,jayapur,maanasaroovar,saamudaayik kamaraa 01saiktar 9agravaal phaarm maanasaroovar
h beekaaner,paandsar,Dhani Pandusar,dhani pandusar,paandsar,raajakeey maadhyamik vidhaalay baayaa bhaag dhaanee paandusar
kootaa,2Prracgqar,kootaa,kootaa,prracgqar,raajakeey maadhyamik vidayaalay giradharapuraa kamaraa n0
paalee,203biraateeyaa khurd,Beesawas Khurd,beesawas khurd,biraateeyaa khurd,raajakeey aadars maadhyamik vidyaalay madhy bhaag biraatiyaa khurd
h baaraa,167phareduaa uparetee,Faredua Upreti,faredua upreti,phareduaa uparetee,raajakeey praathamik vidyaalay phareduaa uparetee
karoulee,75aleepuraa,aleepuraa,aleepuraa,aleepuraa,raajakeey maadhyamik vidyaalay aleepuraa
jayapur,211bhindoor,bhindoor,bhindoor,bhindoor,raajakeey praathamik vidyaalay bhimdoor nam
alavar,246jairoolee,jairoolee,jairoolee,jairoolee,raajakeey maadhyamik vidyaalay poorvee bhaag kamaraa n0 5jairoolee
h jaalour,202ranachhood nagar,Ranchhor Nagar,ranchhor nagar,ranachhood nagar,raajakeey praathamik vidyaalay ranachhood nagar
h toumk,12kumhaariyaa,kumhaariyaa,kumhaariyaa,kumhaariyaa,raajakeey praathamik vidyaalay kumhaariyaa
karoulee,"207naanapur,doomgaree",naanapur,naanapur,naanapurdoomgaree,raajakeey maadhyamik vidyaalay naanapur daayaa bhaag
siroohee,7roovaadaa,Rowara,rowara,roovaadaa,raajakeey maadhyamik vidyaalay roovaadaa
alavar,139Setett,iamtoolee,iamtoolee,setett,raajakeey maadhyamik vidyaalay uththaree bhaag eetoolee
baaraa,276Hats,kavaaee,kavaaee,hats,raajakeey maadhyamik vidyaalay kavaaee kamaraa nambar
jayapur,150kamvar kaa baas,gaamv  ०kamvar kaa baas,gaamv kamvar kaa baas,kamvar baas,raajakeey praathamik saalaa kamvar baas
jayapur,55FAL nagar,jayapur,jayapur,55fal nagar,raajakeey praathamik vidyaalay kamaraa nambar 3sumer nagar
bheelavaadaa,237AAMT,Naya Gaon,naya gaon,aamt,raajakeey praathamik vidyaalay kamaraa nam nayaagaamv
jaisalamer,25baaghe khaam kee dhaanee,eesaaniyoom kee basthee,eesaaniyoom kee basthee,baaghe khaam dhaanee,raajakeey praathamik vidhaalay baage khaam dhaanee
jayapur,132bhoopaavaas,bhoopaavaas,bhoopaavaas,bhoopaavaas,raajakeey aadars maadhyamik vidyaalay bhoopaavaas kamaraa nam6
seekar,89agalooee,०agalooee,agalooee,agalooee,raajakeey maadhyamik vidyaalay agalooee kavamrapuraa
ajamer,mathadaan kendr kaa bhavan evam pathaa  :,ajamer (nagar nigam,ajamer nagar nigam,NA,ajamer kamaraa
jaisalamer,189raathadiyaa Il,raathadiyaa,raathadiyaa,raathadiyaa il,raajakeey maadhyamik vidyaalay dakshinee bhaag raathadiyaa
naagour,111jhhagad഼avaas,०jhhagad഼avaas,jhhagadavaas,jhhagadavaas,pamchaayath samithi pichhe haal jhhagadavaas
jayapur,161sevaa,sevaa,sevaa,sevaa,raajakeey baalikaa praathamik vidyaalay sevaa
udayapur,213|Tet Hat,khaatee kamadee,khaatee kamadee,213tet hat,raajakeey maadhyamik vidyaalay khaatee kamadee
kootaa,127kaithoon,Ward No.18,ward no18,kaithoon,raajakeey praathamik vidayaalay kaithoon kamaraa n0
udayapur,241daamgiyoo kaa gudaa,०daam൦ageeyoo kaa gudaa,daamageeyoo kaa gudaa,daamgiyoo gudaa,raajakeey aadars praathamik vidhaalay kamaraa nam 7daamgiyoo gudaa
dousaa,6choubad഼eevaalaa,chaa൦abadeevaalaa,chaaabadeevaalaa,choubadeevaalaa,raajakeey praathamik vidyaalay choubadeevaalaa
h baaraa,87boohath,boohath,boohath,boohath,raajakeey aadars maadhyamik vidyaalay boohath kamaraa nam
bheelavaadaa,mathadaan kendr kaa bhavan evam pathaa  :,gamgaapur,gamgaapur,NA,gamgaapur
jaalour,134laalapur,Lalpur,lalpur,laalapur,raajakeey praathamik vidyaalay laalapur
paalee,25doodood഼,dudoud,dudoud,doodood,raajakeey maadhyamik vidhaalay paschim bhaag dudoud
seekar,vidyaalay syaamapuraa (baayaa bhaag,syaamapuraa,syaamapuraa,vidyaalay syaamapuraa baayaa bhaag,raajakeey maadhyamik vidhaalay syaamapuraa
hi alavar,128chaamdapur,Chandpur,chandpur,chaamdapur,raajakeey maadhyamik vidyaalay chaamdapurkamaraa nam 16
qe,115dhaanaa bhaakaraan,dhaanaa bhaakaraan,dhaanaa bhaakaraan,dhaanaa bhaakaraan,raajakeey praathamik vidyaalay dhaanaa bhaakaraan
booadee,68raaneepuraa,Ranipura,ranipura,raaneepuraa,raajakeey maadhyamik vidyaalay kamaraa nambar 1raaneepuraa
hi alavar,233ajeejapur,Azizpur,azizpur,ajeejapur,raajakeey praathamik vidyaalay ajeejapur
hi suajhhun,227maakad഼oo,maakadoo,maakadoo,maakadoo,raaumaaavi daayaam bhaag maakadoo
jaisalamer,258kootadee,kootadee,kootadee,kootadee,raajakeey maadhyamik vidyaalay kootadee
doomgarapur,115roohanavaadaa,Rohan Wara,rohan wara,roohanavaadaa,raajakeey maadhyamik vidhaalay roohanavaadaa baayaa bhaag
udayapur,116khemapur,khemapur,khemapur,khemapur,raajakeey maadhyamik vidyaalay baamyaa bhaag khemapur
bheelavaadaa,29beraam,beraa,beraa,beraam,raajakeey maadhyamik vidyaalay beraa kamaraa nam beraa
h savaaeemaadhoopur,29malaaranaa doomgar,malaaranaa dumgar,malaaranaa dumgar,malaaranaa doomgar,raajakeey praathamik vidayaalay malaaranaa doomgar kamaraa nam
h karoulee,236khanapuraa,khanapuraa,khanapuraa,khanapuraa,raajakeey sikshaa karmee praathamik vidyaalay khanapuraa
hi qe,260nooramgasar,०nooramgasar,nooramgasar,nooramgasar,raajakeey maadhyamik vidyaalay baayaam bhaag nooramgasar
doomgarapur,274Ales GTA,soolaj khaas,soolaj khaas,ales gta,raajakeey maadhyamik vidhaalay soolaj khaas
suajhhun,236maalasar,maalasar,maalasar,maalasar,raajakeey maadhyamik vidyaalaydaayaam bhaag maalasar
naagour,117itaavaa laakhaa,itaavaa laakhaa,itaavaa laakhaa,itaavaa laakhaa,raajakeey maadhyamik vidyaalay baayaa bhaag eetaavaalaakhaa
naagour,97khaatookhurd,ale khud,ale khud,khaatookhurd,raajakeey kanyaa maadhyamik vidyaalay khaat khurd baayaam bhaag khaatookhurd
beekaaner,144beekaaner,beekaaner,beekaaner,beekaaner,dillee pablik skool khathuriyaa kaaloonee
bheelavaadaa,83raanaas,Ranas,ranas,raanaas,raajakeey praathamik vidyaalay raanaas kamaraa nam raanaas
gamgaanagar,138 2Wadtare,2esateeaar,esateeaar,2wadtare,raajakeey praathamik vidyaalay daayaam bhaag 2esateeaar
8toumk,108toomk,toomk,toomk,toomk,patavaar prasikshan sivil laain toomk baayaam bhaag toomk
joodhapur,milk main kooloonee madhy bhaag pratham,joodhapur,joodhapur,milk main kooloonee madhy bhaag pratham,kaaryaalay pamchaayath samithi loonee
jhhaalaavaad,mathadaan kendr kaa bhavan evam pathaa  :,bhavaaneemandee,bhavaaneemandee,NA,kamaraa n08
gamgaanagar,mathadaan kendr kaa bhavan evam pathaa  :,Rajpura Piperan,rajpura piperan,NA,peepeeen
hi bharathapur,136vanakookaraa,Ban Kookra,ban kookra,vanakookaraa,raajakeey praathamik vidyaalay vanakookaraa
baadamer,149jaaniyaanaa,Janiyana,janiyana,jaaniyaanaa,raajakeey praathamik vidhaalay jaaniyaanaa
hi jayapur,119hatavaadaa rood,jayapur,jayapur,hatavaadaa rood,stepimg stoons deboordimg skool bhairavanagarhatavaadaa rood jayapur kn3
dousaa,mathadaan kendr kaa bhavan evam pathaa  :,saithal,saithal,NA,saimthal
paalee,222sevaadee,siraviyoom kaa gudaa,siraviyoom kaa gudaa,sevaadee,raajakeey praathamik vidyaalay siraviyaa gudaa
h dhoulapur,107beechakaapuraa,Beech Ka Pura,beech ka pura,beechakaapuraa,raajakeey maadhyamik vidyaalay beechakaapuraa
hi jayapur,73aaidaanakaabaas,aaeedaan kaa baas,aaeedaan kaa baas,aaidaanakaabaas,raajakeey maadhyamik vidyaalay aaidaanakaabaas kamaraa nam
qe,62goothayaa badee,gookhyaa bad഼ee,gookhyaa badee,goothayaa badee,raajakeey aadars maadhyamik vidhaalay baamyaa bhaag goothayaa badee
baaraa,149STAT,aamaa,aamaa,stat,raajakeey praathamik vidyaalay aamaa
seekar,213bhaareejaa,bhaareejaa,bhaareejaa,bhaareejaa,raajakeey maadhyamik vidhaalay bhaareejaa
jhhaalaavaad,34gamgapuraa,Gangpura,gangpura,gamgapuraa,raajakeey bidalaa kaalej bhavaaneemandee gamgapuraa
udayapur,241sereeyaa,seriyaa,seriyaa,sereeyaa,raajakeey maadhyamik vidhaalay madhy bhaag sereeyaa
h baadamer,345raamadeeyoo kee basthee,Ramdiyon Ki Basti,ramdiyon ki basti,raamadeeyoo basthee,raajakeey praathamik vidyaalay raamadiyoo basthee
booadee,169bisanapuraa,Bishanpura,bishanpura,bisanapuraa,raajakeey praathamik vidyaalay bisanapuraa
h seekar,196daamthaa,daamthaa,daamthaa,daamthaa,raajakeey seeniyar maadhyamik vidhaalay daamthaa baamyaa bhaag
baadamer,217akadad഼aa,akadad഼aa,akadadaa,akadadaa,raajakeey aadars maadhyamik vidyaalay akadadaa
raajasamand,168dhoolaa kee od,dhoolaa kee od,dhoolaa kee od,dhoolaa od,raajakeey praathamik vidhaalay
prathaapagadh,290Bara,anath,anath,bara,raajakeey aadars maadhyamik vidhaalay anath
