sex_std,age,relation_type,n,n_missing_house
f,43,husband,252762,824
f,28,husband,442955,6247
f,24,husband,443386,11250
f,41,husband,316134,1111
f,48,husband,382336,703
m,37,father,488699,1492
m,26,father,563264,5856
f,60,husband,197633,317
m,64,father,207696,336
m,52,father,363393,661
f,49,husband,326391,610
f,46,husband,418773,653
NA,35,husband,73904,307
f,90,husband,18058,6
f,37,husband,372846,1556
f,44,husband,333539,757
m,56,father,410800,459
m,36,father,587841,1499
f,77,husband,82395,68
NA,45,husband,32148,107
m,88,father,21554,14
m,79,father,51985,57
NA,72,husband,918,3
f,25,father,132530,1758
m,63,father,217826,407
NA,20,father,7966,815
f,51,father,4570,34
f,61,father,2555,12
m,83,father,39600,29
NA,46,husband,18386,57
NA,26,husband,16598,453
NA,53,husband,18570,40
f,99,husband,2979,3
NA,21,father,5041,482
NA,22,father,6949,303
m,92,father,8616,10
NA,49,husband,6637,19
f,91,husband,32744,8
NA,90,husband,957,0
NA,69,husband,2293,4
m,47,NA,448,5
NA,NA,husband,1427,4
f,59,father,2152,23
NA,19,father,1527,289
f,84,father,325,1
f,86,father,385,0
NA,77,husband,3394,6
f,98,husband,5619,3
NA,79,husband,609,0
f,28,other,357,90
f,53,father,3053,25
f,56,NA,284,3
NA,54,father,6,0
NA,43,NA,17,2
NA,32,father,205,7
f,75,father,705,3
NA,93,husband,448,0
f,24,other,717,185
m,22,other,336,100
m,22,husband,351,22
f,80,NA,35,0
m,48,NA,430,5
m,39,NA,406,6
m,38,other,83,21
f,52,NA,284,2
m,45,NA,506,7
f,42,NA,276,2
NA,30,NA,89,6
m,59,NA,252,2
f,44,other,55,8
f,46,other,49,16
m,68,NA,174,2
f,77,other,6,3
f,89,father,128,2
NA,49,other,3,2
NA,26,other,26,9
f,37,other,89,24
m,71,NA,155,2
NA,74,father,31,0
NA,48,NA,9,0
NA,46,other,1,0
f,60,other,32,6
f,82,NA,53,0
f,41,other,65,11
m,85,NA,30,0
m,38,husband,43,1
f,99,other,1,1
NA,58,father,115,1
f,48,other,42,10
m,80,NA,46,1
f,49,other,49,12
f,43,other,53,15
m,82,other,11,3
m,97,NA,4,0
m,NA,NA,8,0
NA,55,NA,8,0
f,91,other,3,1
NA,80,NA,2,0
NA,45,other,6,0
m,76,husband,5,0
NA,62,NA,4,0
NA,60,NA,5,0
NA,35,other,17,4
m,94,husband,1,0
NA,53,other,4,2
m,76,other,11,4
NA,98,father,4,1
f,95,NA,3,0
m,82,husband,5,0
NA,77,other,1,0
f,98,other,1,0
NA,NA,other,1,1
m,34,father,701777,1785
f,30,husband,410946,3709
f,63,husband,190720,287
m,29,father,588288,3816
m,57,father,269745,509
m,27,father,598241,5366
f,31,husband,388735,3579
m,44,father,476919,1012
m,41,father,353257,1157
f,21,father,122630,10914
f,70,husband,118443,166
f,67,husband,148043,242
f,22,father,165122,6050
f,20,father,181172,17566
f,58,husband,293021,391
f,76,husband,151208,92
m,69,father,122963,191
NA,40,husband,30860,138
m,60,father,225605,420
f,97,husband,6275,5
m,53,father,347095,645
NA,37,husband,16106,85
m,81,father,71026,46
NA,27,father,3817,51
f,35,father,26612,136
f,32,father,36770,331
NA,68,husband,5453,11
NA,50,husband,12187,32
f,88,husband,36435,12
NA,64,husband,916,2
m,28,husband,215,8
NA,65,husband,10955,26
f,62,father,1977,17
m,91,father,16378,10
m,20,other,729,200
NA,36,father,3983,25
NA,87,husband,427,0
f,66,father,2043,10
NA,38,father,1024,6
m,93,father,6553,9
f,81,father,501,2
NA,78,husband,2582,0
m,43,husband,50,1
f,78,NA,61,0
m,20,husband,342,33
f,19,NA,694,105
m,19,NA,842,151
f,38,NA,399,4
m,28,other,158,43
f,96,father,82,0
m,51,NA,464,1
f,72,NA,120,0
f,64,NA,152,0
NA,63,father,116,2
f,74,NA,94,0
f,31,other,211,54
m,67,NA,180,2
m,32,husband,122,5
f,50,NA,286,0
f,83,NA,36,0
m,35,NA,729,4
f,55,NA,216,1
m,70,NA,103,0
m,43,other,66,14
f,30,other,210,41
f,85,NA,33,0
m,30,husband,162,10
NA,31,father,185,3
f,79,NA,61,0
f,92,father,116,0
f,73,NA,92,0
NA,88,father,9,0
m,74,NA,103,0
m,66,NA,197,2
m,30,other,128,26
NA,70,father,16,0
m,50,husband,45,2
f,68,NA,131,0
NA,25,NA,6,0
m,32,other,123,25
m,50,other,48,10
NA,40,other,10,1
m,77,NA,83,0
f,67,other,15,2
f,63,other,29,5
f,70,other,7,2
m,90,NA,7,0
NA,39,NA,12,0
f,87,NA,25,0
f,76,other,10,2
NA,85,father,27,1
NA,34,NA,17,0
NA,29,NA,9,1
NA,71,father,11,0
m,61,husband,31,1
m,75,other,7,2
m,89,NA,8,0
m,61,other,35,4
f,58,other,15,4
NA,44,NA,27,0
m,75,husband,3,0
NA,66,NA,2,0
NA,57,NA,1,1
NA,50,other,3,2
NA,65,other,4,1
NA,37,other,6,3
f,88,other,2,0
m,99,NA,1,0
NA,75,NA,1,0
NA,68,other,1,0
NA,76,NA,1,0
NA,95,father,1,0
m,96,husband,1,0
NA,51,NA,1,0
m,96,other,1,0
m,40,father,313390,1191
f,38,husband,342352,1300
f,64,husband,214619,230
m,62,father,238577,426
f,23,father,177457,3714
m,23,father,734685,12810
f,55,husband,251690,393
f,50,husband,319420,545
m,54,father,350161,530
m,58,father,321530,470
m,55,father,288266,550
m,49,father,370431,790
f,68,husband,172944,165
m,31,father,478692,2806
f,19,husband,122528,14622
m,87,father,22343,20
NA,34,husband,19433,81
m,46,father,517174,898
f,72,husband,123949,118
f,87,husband,34121,22
f,85,husband,38244,23
f,54,father,3413,30
f,74,husband,122082,95
f,83,husband,57458,39
f,33,father,28919,215
f,29,father,63923,602
f,79,husband,65461,58
NA,66,husband,7974,11
NA,28,father,2968,46
NA,23,father,7647,230
f,27,father,86472,990
m,78,father,78729,64
f,45,father,11065,47
f,73,husband,118745,115
m,65,father,169258,336
NA,44,husband,37764,89
f,65,father,1449,10
f,57,father,2597,17
NA,29,husband,1101,33
f,40,father,10262,75
f,47,father,4202,27
f,78,husband,92585,59
m,50,NA,378,1
NA,51,husband,2226,4
NA,39,husband,11390,41
NA,57,husband,2538,7
m,30,NA,913,11
f,34,father,37163,169
m,19,other,716,260
f,71,father,1273,5
f,NA,father,1141,24
m,19,husband,246,20
NA,96,husband,1062,0
f,31,NA,737,10
f,30,NA,744,8
NA,25,husband,2154,107
NA,33,father,3656,20
NA,67,father,20,0
f,19,other,1593,531
m,32,NA,723,12
NA,76,husband,2194,1
NA,86,father,19,0
NA,47,father,367,3
NA,59,father,39,1
m,35,other,85,19
NA,91,husband,292,0
f,63,NA,148,0
m,43,NA,339,1
m,28,NA,846,15
f,76,NA,95,0
f,38,other,92,18
NA,75,husband,1197,0
m,20,NA,856,140
f,70,NA,92,0
f,78,other,7,0
f,67,NA,131,0
NA,68,NA,3,0
f,58,NA,239,2
m,51,other,65,11
m,61,NA,308,1
f,88,NA,21,0
NA,42,father,318,3
m,67,other,23,6
m,35,husband,87,4
m,70,husband,13,0
m,66,husband,15,0
f,64,other,14,1
m,51,husband,43,1
NA,40,NA,27,0
m,75,NA,76,0
m,74,husband,8,0
NA,99,husband,59,0
f,72,other,7,0
m,66,other,23,5
f,68,other,14,4
NA,81,father,6,0
m,70,other,13,0
m,96,NA,11,0
m,67,husband,16,0
NA,34,other,6,0
NA,83,father,20,0
f,18,husband,22,0
m,90,husband,1,0
f,73,other,8,2
NA,73,father,7,0
f,55,other,27,10
NA,52,father,17,0
m,77,other,6,1
f,50,other,34,6
m,74,other,6,1
f,79,other,2,0
f,74,other,4,0
NA,82,father,19,0
NA,25,other,10,6
NA,87,NA,1,0
NA,37,NA,18,0
m,77,husband,4,0
f,83,other,3,0
NA,78,NA,2,0
m,95,NA,1,0
NA,51,other,2,0
NA,44,other,2,1
NA,57,other,3,1
f,97,NA,5,0
NA,65,NA,6,0
NA,92,father,2,0
NA,50,NA,7,0
NA,39,other,2,1
NA,29,other,3,0
m,89,husband,2,0
f,87,other,1,0
NA,66,other,1,0
NA,80,husband,3791,3
f,80,husband,57960,39
m,25,father,659705,7518
f,52,husband,327207,560
m,33,father,483977,2286
m,42,father,313560,1053
m,72,father,118385,126
f,82,husband,59732,24
m,24,father,678241,8502
f,56,husband,378810,414
m,21,father,403981,28555
f,42,husband,274541,964
NA,55,husband,22389,60
NA,60,husband,14302,45
m,84,father,33337,29
m,73,father,110172,128
f,95,husband,8161,8
NA,30,husband,49261,504
f,26,father,95413,1176
NA,43,husband,25911,105
m,86,father,45665,17
f,39,father,10926,70
NA,24,father,5510,118
NA,62,husband,9251,24
f,36,father,18564,86
NA,48,husband,13031,33
f,60,NA,183,0
f,48,NA,339,6
f,49,NA,262,1
m,22,NA,699,48
f,44,NA,283,1
f,28,NA,977,20
f,69,father,1079,8
f,24,NA,1155,57
f,41,NA,336,2
f,52,other,42,16
NA,41,father,380,2
f,91,NA,22,0
f,37,NA,466,9
NA,61,father,87,3
m,47,other,51,7
NA,56,father,182,3
f,46,NA,379,1
f,93,father,63,0
m,48,husband,48,3
f,42,other,57,11
m,38,NA,539,4
NA,35,NA,79,0
m,76,NA,120,1
m,80,other,6,1
f,43,NA,230,6
m,68,other,28,9
m,82,NA,65,0
m,47,husband,47,3
NA,94,husband,34,0
m,59,husband,30,1
m,39,husband,63,4
f,90,NA,9,0
m,NA,husband,5,1
m,45,husband,46,3
m,45,other,57,14
NA,49,NA,5,0
NA,30,other,28,12
f,77,NA,77,0
f,94,father,78,0
NA,46,NA,13,0
m,48,other,51,9
m,NA,other,3,2
NA,NA,NA,29,18
m,85,husband,10,1
NA,45,NA,19,0
f,99,NA,6,0
m,39,other,71,20
m,68,husband,13,1
NA,26,NA,50,6
m,59,other,27,5
NA,43,other,8,2
NA,77,NA,2,0
m,80,husband,5,0
f,98,NA,2,0
m,71,other,16,2
NA,53,NA,12,0
NA,55,other,5,1
f,95,other,2,1
f,56,other,22,5
m,97,husband,1,0
m,98,NA,2,0
NA,48,other,2,1
NA,89,father,1,0
m,71,husband,7,0
NA,60,other,1,1
NA,62,other,4,0
f,82,other,5,0
NA,69,NA,2,0
f,80,other,6,1
m,85,other,3,1
m,94,NA,4,0
NA,93,NA,1,1
f,62,husband,205189,275
NA,36,husband,84647,306
m,32,father,455330,2475
f,21,husband,167368,14984
m,30,father,544295,3262
m,28,father,621373,4537
m,20,father,497552,48126
m,50,father,362436,737
f,22,husband,244544,14608
f,20,husband,189064,21242
f,35,husband,435850,1816
f,92,husband,16819,11
m,43,father,326434,1037
m,61,father,338632,455
f,66,husband,240120,201
f,32,husband,374688,2806
NA,27,husband,18521,342
m,75,father,80878,113
f,30,father,47466,420
f,81,husband,97332,54
NA,63,husband,8782,21
f,70,father,1059,9
m,95,father,3769,3
f,63,father,1682,13
f,31,father,41739,367
NA,38,husband,25978,89
m,96,father,6443,9
NA,31,husband,1476,47
m,55,NA,315,1
m,31,NA,764,6
f,54,NA,277,1
NA,70,husband,3173,1
NA,40,father,1203,8
f,34,NA,716,8
f,76,father,1003,8
f,67,father,1353,8
f,58,father,2493,16
NA,71,husband,1085,0
f,96,husband,13922,6
m,62,NA,283,0
NA,37,father,764,6
f,71,NA,146,1
f,40,NA,327,3
f,29,NA,943,11
m,23,NA,801,37
f,33,NA,654,4
f,20,other,1927,596
f,22,other,1121,353
NA,85,husband,3006,6
NA,88,husband,1251,0
m,54,NA,380,2
NA,33,NA,54,1
m,78,NA,53,0
f,88,father,215,2
f,27,NA,895,28
f,57,NA,218,2
m,57,other,31,6
m,27,husband,231,9
f,32,other,155,38
m,46,NA,505,9
f,47,NA,227,3
m,49,NA,401,2
f,21,other,1204,409
NA,95,husband,432,0
NA,65,father,154,2
m,65,NA,151,1
NA,50,father,242,0
f,23,NA,1007,58
f,66,other,16,4
NA,68,father,49,1
f,45,NA,312,1
f,65,NA,155,3
f,NA,NA,80,0
m,34,other,107,17
m,41,other,70,14
m,44,husband,47,2
m,29,other,135,26
m,58,NA,276,0
m,40,NA,333,4
f,97,father,47,2
NA,28,NA,30,0
m,53,husband,33,1
m,81,husband,5,0
m,34,husband,113,4
f,35,other,98,23
m,29,husband,190,12
m,27,other,173,32
NA,97,husband,100,0
NA,23,NA,50,8
NA,78,father,16,0
m,44,other,46,9
m,53,other,37,9
m,60,other,33,6
f,62,other,19,5
NA,47,NA,24,0
NA,64,father,5,0
f,81,other,4,2
m,60,husband,36,0
NA,38,other,15,0
m,41,husband,51,1
NA,36,other,16,4
NA,27,other,16,4
m,87,NA,28,0
NA,82,NA,2,0
m,57,husband,29,1
m,69,husband,10,0
NA,42,NA,8,0
m,69,other,13,0
NA,52,NA,2,0
NA,92,NA,1,1
m,91,other,1,0
m,81,other,5,4
m,93,husband,1,0
NA,31,other,5,1
f,92,other,1,0
NA,86,NA,1,0
NA,87,father,2,0
NA,63,other,2,1
NA,73,NA,1,0
m,91,husband,1,0
m,45,father,445258,1026
m,47,father,406056,914
m,48,father,457310,847
m,39,father,329828,1156
f,26,husband,390748,7779
f,36,husband,395535,1317
f,39,husband,300844,1222
f,69,husband,126828,148
m,37,NA,578,8
m,59,father,240723,434
m,68,father,174988,238
m,85,father,26147,14
m,71,father,179801,153
m,80,father,46435,52
NA,24,husband,16347,454
NA,56,husband,14049,33
f,93,husband,14515,9
NA,30,father,5815,56
NA,41,husband,12371,52
f,52,father,3764,26
m,36,NA,731,4
f,94,husband,11670,8
f,42,father,8211,52
NA,61,husband,12303,19
m,97,father,2725,12
f,56,father,3449,15
m,NA,father,5266,84
m,21,other,391,121
f,61,NA,209,1
m,26,NA,723,21
f,82,father,396,1
f,26,other,493,117
f,39,other,68,18
NA,48,father,262,2
f,59,NA,180,1
NA,55,father,349,2
f,25,NA,1171,45
m,24,husband,351,14
f,95,father,71,0
m,42,other,60,10
NA,89,husband,397,0
m,24,other,215,43
NA,43,father,748,6
NA,24,other,27,11
m,56,NA,380,0
m,52,NA,424,3
NA,84,husband,151,0
f,80,father,396,2
m,21,husband,316,33
m,64,NA,191,1
NA,60,father,210,5
f,53,NA,241,1
m,25,other,227,49
f,86,NA,54,0
f,36,other,82,15
m,33,husband,115,1
f,51,NA,326,2
m,63,NA,231,2
m,25,husband,362,19
m,79,NA,55,0
NA,20,NA,55,6
NA,19,NA,24,4
NA,62,father,102,0
m,33,other,87,18
NA,58,NA,7,0
NA,22,NA,33,4
NA,21,NA,23,4
m,83,NA,43,0
m,88,NA,26,0
NA,80,father,30,0
NA,61,other,7,0
NA,74,NA,2,0
f,93,other,2,0
f,84,NA,43,0
m,42,husband,43,3
f,69,other,10,1
f,75,NA,75,0
NA,98,NA,1,0
NA,32,NA,5,3
m,92,NA,11,0
m,73,husband,17,0
m,72,husband,11,0
NA,56,other,4,0
m,86,husband,2,0
m,84,husband,5,0
m,72,other,10,0
f,89,NA,9,0
m,86,other,4,2
m,73,other,6,3
m,84,other,4,1
NA,41,other,4,1
f,94,other,1,1
m,67,father,157452,278
f,40,husband,270781,1118
f,34,husband,518860,1986
m,51,father,458584,719
f,45,husband,317960,806
f,29,husband,461061,4806
f,33,husband,363189,2444
f,23,husband,383838,14120
m,77,father,74275,84
f,47,husband,262090,589
NA,23,husband,16150,714
m,66,father,257828,275
f,65,husband,155038,237
f,NA,husband,69858,223
f,54,husband,355733,474
f,27,husband,418858,7265
NA,47,husband,24784,56
m,90,father,9985,9
m,19,father,520672,55915
m,74,father,101168,113
f,57,husband,249298,428
m,35,father,633709,1754
NA,28,husband,17949,320
NA,33,husband,44181,326
f,19,father,225011,23084
NA,42,husband,11178,60
m,70,father,114995,183
m,89,father,12281,11
f,50,father,4065,21
f,71,husband,188136,148
NA,67,husband,1862,5
NA,83,husband,1865,3
f,68,father,1333,5
m,29,NA,943,6
f,38,father,13645,109
f,74,father,795,3
NA,44,father,1605,6
f,87,father,221,0
f,72,father,894,9
f,55,father,2661,13
f,35,NA,634,5
m,41,NA,395,4
f,73,father,833,4
NA,39,father,435,5
NA,59,husband,3787,7
m,55,other,40,9
f,54,other,34,8
m,31,husband,123,2
NA,34,father,1365,6
NA,73,husband,1618,3
NA,52,husband,1959,10
f,22,NA,752,62
f,32,NA,672,9
f,23,other,1051,296
NA,82,husband,2495,0
m,44,NA,453,3
m,23,other,332,79
NA,86,husband,2206,0
f,64,father,1842,11
NA,29,father,156,2
m,34,NA,849,8
f,21,NA,590,85
m,99,father,1152,11
m,40,husband,42,3
f,62,NA,198,0
f,81,NA,58,0
f,79,father,436,2
NA,81,husband,891,0
NA,91,father,1,0
m,40,other,74,18
m,49,other,49,14
f,27,other,399,106
f,85,father,231,0
f,20,NA,891,129
f,66,NA,161,0
m,53,NA,324,4
f,78,father,562,5
m,60,NA,215,0
m,27,NA,861,10
f,29,other,263,66
f,40,other,71,16
m,81,NA,61,1
NA,25,father,512,26
f,NA,other,10,4
f,34,other,136,34
m,31,other,148,30
NA,33,other,22,3
m,18,father,184,1
m,91,NA,20,0
NA,92,husband,124,0
f,33,other,154,29
m,57,NA,286,3
m,23,husband,374,10
NA,27,NA,35,2
NA,66,father,101,0
NA,28,other,16,3
f,45,other,49,12
NA,36,NA,65,0
f,83,father,299,3
m,54,other,41,6
m,46,husband,48,1
m,62,husband,20,1
NA,63,NA,7,0
f,57,other,36,9
m,54,husband,36,1
m,49,husband,40,3
m,69,NA,120,0
NA,38,NA,23,0
f,18,father,52,0
m,55,husband,28,2
m,65,husband,14,0
f,96,NA,9,0
f,65,other,16,3
m,62,other,35,6
NA,57,father,24,0
m,58,other,29,9
NA,23,other,51,19
m,58,husband,36,3
NA,51,father,26,0
f,47,other,33,8
m,78,other,6,1
f,92,NA,18,0
m,46,other,42,9
NA,96,father,7,1
m,65,other,31,5
NA,76,father,9,0
f,71,other,12,2
m,87,other,2,0
m,87,husband,3,0
NA,75,father,9,0
NA,67,other,2,0
NA,59,other,3,0
NA,31,NA,5,0
NA,47,other,2,1
NA,42,other,1,0
NA,88,NA,1,0
NA,71,NA,3,1
m,78,husband,6,0
m,93,NA,7,0
NA,99,father,1,0
NA,86,other,1,1
NA,70,NA,2,0
NA,95,NA,1,0
f,61,husband,280830,354
f,84,husband,54973,27
m,82,father,45946,49
m,22,father,624836,17745
f,75,husband,94385,91
f,25,husband,487987,10587
f,53,husband,300777,456
m,76,father,134134,87
f,51,husband,407706,598
m,38,father,428312,1310
f,59,husband,223622,365
NA,20,husband,8186,955
f,24,father,148649,2396
f,86,husband,70473,23
f,43,father,7116,45
f,28,father,74015,752
m,94,father,4929,5
NA,26,father,4142,87
f,60,father,2060,14
f,41,father,10527,106
f,37,father,17155,123
f,46,father,12059,42
NA,35,father,4414,27
f,89,husband,21696,12
NA,21,husband,6376,596
NA,58,husband,10290,28
NA,22,husband,10672,673
f,69,NA,117,1
f,48,father,4938,36
NA,NA,father,7039,3
f,49,father,4259,25
f,44,father,14212,41
NA,46,father,565,3
NA,74,husband,4581,4
m,64,husband,22,2
f,77,father,589,8
NA,32,husband,1784,49
f,36,NA,548,3
m,98,father,2206,7
f,84,other,5,0
m,36,husband,82,4
m,84,NA,34,1
m,24,NA,819,24
NA,54,husband,1284,2
m,42,NA,343,6
NA,49,father,120,2
NA,45,father,1089,6
f,26,NA,868,40
m,25,NA,797,23
f,98,father,31,1
f,39,NA,362,3
f,25,other,694,192
m,26,husband,267,19
m,56,other,33,5
m,33,NA,686,8
NA,19,husband,921,180
m,37,other,61,12
m,36,other,85,18
NA,53,father,218,2
m,26,other,189,35
m,72,NA,148,0
f,91,father,195,2
m,73,NA,112,0
NA,20,other,118,39
NA,22,other,44,16
f,90,father,105,1
m,21,NA,533,84
m,37,husband,61,6
f,93,NA,10,0
m,86,NA,39,0
f,99,father,37,4
NA,98,husband,165,0
m,63,other,42,10
NA,77,father,28,0
NA,21,other,59,19
f,53,other,30,10
NA,19,other,28,9
m,52,husband,38,4
m,83,husband,4,0
m,52,other,56,12
NA,69,father,25,1
m,63,husband,27,0
m,64,other,30,5
f,61,other,32,7
NA,24,NA,32,2
f,59,other,26,9
f,51,other,34,5
NA,61,NA,1,0
NA,93,father,2,0
m,56,husband,32,1
f,75,other,9,3
m,79,other,6,2
m,83,other,5,0
f,89,other,3,0
m,88,other,1,0
f,94,NA,12,0
m,88,husband,5,0
NA,79,father,3,0
NA,72,father,5,0
NA,56,NA,7,0
NA,41,NA,9,0
f,86,other,4,1
m,79,husband,7,0
m,92,husband,2,0
NA,90,father,2,0
NA,32,other,3,2
f,101,husband,1,0
NA,58,other,1,0
