husband_age,n_couples,mean_gap,median_gap,p10,p90,share_negative
19,7740,-2.66640826873385,-1,-5,0,0.584108527131783
20,12840,-1.3965732087227414,0,-4,1,0.35342679127725857
21,13584,-1.0308451118963486,0,-3,2,0.38839811542991753
22,28804,-0.5676294959033468,0,-3,2,0.33606443549507015
23,50402,-0.022340383318122298,0,-2,3,0.2840363477639776
24,57060,0.5172450052576235,1,-2,4,0.21275849982474587
25,67738,1.059021524107591,1,-1,4,0.15275030263662936
26,67473,1.5385117009766869,2,-1,5,0.12567990159026574
27,80703,1.9257524503426142,2,-1,5,0.10396143885605244
28,90507,2.304539980333013,2,0,5,0.08682201376689096
29,92503,2.6021750645924997,3,0,6,0.07035447499000032
30,91918,2.7918688396179205,3,0,6,0.06388302617550426
31,83859,3.0590515031183294,3,0,7,0.05655922441240654
32,81872,3.2577926519444986,3,0,7,0.051324017979284736
33,93686,3.4598872830518967,3,0,8,0.05354055034903828
34,133100,3.7120285499624344,3,0,9,0.04286250939143501
35,131765,3.687504268963685,3,1,9,0.036603043296778354
36,123021,3.5196186017021485,2,1,8,0.03337641540875135
37,103116,3.686993289111292,3,1,9,0.03319562434539742
38,87832,3.6940978231168593,3,1,9,0.033655159850623916
39,71816,3.815096914336638,3,1,9,0.03535423860978055
40,67575,3.890566037735849,3,1,9,0.04088790233074362
41,77097,3.986899619959272,3,1,9,0.03873043049664708
42,71618,4.055614510318635,3,1,9,0.042070429221704043
43,74119,4.299977063910738,3,1,9,0.03977387714351246
44,108648,4.912681319490464,4,1,10,0.030925557764523968
45,103888,4.742828815647621,4,1,11,0.031861235176343754
46,121747,4.524152545853286,3,1,10,0.026670061685298202
47,99297,4.36641590380374,3,1,10,0.028450003524779197
48,109067,4.149816168043496,3,1,10,0.025874004052554852
49,89454,4.057493236747378,3,1,10,0.02748898875399647
50,90076,3.882321595097473,3,1,9,0.027288067853812336
51,117903,3.9014528892394598,3,1,8,0.02196721033391856
52,98060,3.752090556801958,3,1,7,0.02209871507240465
53,91715,3.6450089952570464,3,1,7,0.02193752385106035
54,96409,3.6565880778765467,3,1,6,0.019614351357238432
55,77977,3.681111096861895,3,1,7,0.021621760262641548
56,111841,3.725342226911419,3,2,6,0.017059933298164357
57,75372,3.777304569336093,3,1,6,0.020803481398927983
58,83917,3.6975344685820515,3,2,7,0.018208467890892192
59,66497,3.8114802171526536,3,1,7,0.018015850339113043
