age,n_men,n_linked,n_gap,n_contested,linked_wife_share,mean_gap,state
19,186629,7856,7740,116,0.04209420829560251,-7240.508869669972,raj
20,176204,13040,12840,197,0.07400513041701665,-5089.750931224604,raj
21,142058,13804,13584,218,0.09717157780624815,-3522.5510575631884,raj
22,222318,29312,28804,504,0.13184717386806286,-2195.1925545243025,raj
23,262374,51328,50402,917,0.1956291400824777,-86.11329250907939,raj
24,235142,58009,57060,936,0.24669774008896753,1769.7762507530038,raj
25,230475,68870,67738,1126,0.2988176591821239,3751.2709710320037,raj
26,196119,68516,67473,1032,0.3493593175571974,5503.952181377319,raj
27,209893,81973,80703,1264,0.390546611845083,6939.8798943140955,raj
28,216569,91897,90507,1374,0.42433127548264066,8191.16423442136,raj
29,204855,93895,92503,1376,0.4583485880256767,9320.278758100838,raj
30,188203,93232,91918,1302,0.4953799886292992,9972.605187411078,raj
31,165362,85101,83859,1233,0.5146345593304387,10979.170747104461,raj
32,156109,83016,81872,1133,0.5317822803297696,11709.512653671098,raj
33,172759,95012,93686,1317,0.5499684531630769,12607.207508743386,raj
34,238699,134929,133100,1819,0.5652683924105254,13184.309818250427,raj
35,227770,133454,131765,1675,0.5859156166308118,12702.158809451526,raj
36,203379,124673,123021,1635,0.613008226021369,12455.31607432635,raj
37,169934,104318,103116,1185,0.6138736215236503,12729.760105762534,raj
38,143295,88979,87832,1138,0.6209497888970306,12850.171644615491,raj
39,114386,72757,71816,918,0.6360656024338642,13265.428452706214,raj
40,105981,68455,67575,860,0.6459176644870307,13338.06865107207,raj
41,117528,78152,77097,1023,0.6649649445238581,13551.773893368554,raj
42,108583,72599,71618,946,0.6686037409170865,13843.323576341501,raj
43,111312,75176,74119,1025,0.675362943797614,14432.469995579773,raj
44,164187,110273,108648,1553,0.671630518859593,16770.178827234704,raj
45,156024,105418,103888,1415,0.6756524637235297,16161.532401117158,raj
46,178518,123620,121747,1702,0.6924791897735803,15479.91195211658,raj
47,142920,101305,99297,1470,0.7088231178281557,14861.208658537353,raj
48,153229,112587,109067,1745,0.7347630017816471,14231.17024066739,raj
49,128310,95598,89454,1544,0.7450549450549451,13767.206073442969,raj
50,124678,94819,90076,1520,0.7605110765331494,13295.025076047328,raj
51,155950,121892,117903,2062,0.7816094902212247,13074.85589352644,raj
52,129289,101777,98060,1739,0.7872054080393537,12738.453270824355,raj
53,116952,93940,91715,1615,0.8032355154251317,12251.030861143034,raj
54,121567,98517,96409,1793,0.8103926229980175,12448.195879668876,raj
55,100468,79702,77977,1448,0.7933073217342835,12429.252553991844,raj
56,140134,114248,111841,2239,0.8152768064852213,12268.592115491065,raj
57,97359,76967,75372,1441,0.7905483827894699,12071.835661707362,raj
58,106429,85589,83917,1596,0.8041887079649344,12177.2228685243,raj
59,84256,67878,66497,1304,0.805616217242689,12460.464794005231,raj
19,225645,4446,4272,71,0.01970351658578741,-14048.529256854257,up
20,310308,10005,9334,204,0.03224215940291581,-17103.493590668604,up
21,317769,12154,11478,235,0.03824790964505663,-13052.338799903866,up
22,803994,36399,35032,715,0.04527272591586504,-22090.575918114366,up
23,757590,47424,45881,956,0.06259850314814082,-13601.763636545838,up
24,1104025,86366,83713,1865,0.07822830098956092,-6242.292620717966,up
25,993403,101631,98531,2293,0.1023059121021378,3166.1872612357906,up
26,936984,125659,122032,2810,0.13411008085516934,13285.102365406621,up
27,782944,129660,125765,2830,0.16560571381861283,21634.047716937635,up
28,774443,153665,148621,3449,0.19842002574753725,29391.396431492394,up
29,832446,186999,180166,4372,0.22463799453658256,36202.77150139116,up
30,817497,205317,197681,4956,0.25115321524115686,42966.27789962888,up
31,784479,227037,218109,5956,0.2894111888272344,20464.707783629536,up
32,822555,246898,238033,6096,0.3001598677292096,49175.14320381121,up
33,1015962,303651,293347,7557,0.2988802730810798,54364.18098268265,up
34,857400,288351,278889,7342,0.3363086074177747,53855.84701323767,up
35,794175,289692,280321,7380,0.36477098876192277,55763.12626575825,up
36,538265,210618,203924,5428,0.39129053533111013,54483.35069213735,up
37,573670,240855,232996,6178,0.4198493907647254,52325.707581504095,up
38,477413,196376,187978,5282,0.41133358329161546,60381.21256256026,up
39,517173,221134,208327,5672,0.42758225970806674,60517.63904558201,up
40,517888,228170,216577,5868,0.4405778855659911,62761.95631305973,up
41,708908,297002,282062,7668,0.4189570437912959,69703.61961262315,up
42,514544,236629,225808,6192,0.4598809819957088,61554.06354802478,up
43,417285,192893,180643,5125,0.4622572102999149,56119.611342220815,up
44,540258,255677,228569,6930,0.4732498176797012,68307.40324640062,up
45,519337,269968,231682,7412,0.5198320165903835,68721.39809825206,up
46,422914,209673,187277,5936,0.4957816482783734,62305.771374746924,up
47,478652,250100,220715,7009,0.5225090462381856,62775.83617129308,up
48,463170,262030,239099,7411,0.5657318047369216,60516.94813654898,up
49,434333,229119,211547,7050,0.5275192076125922,59255.53482829256,up
50,453149,256596,231224,7887,0.5662508358177994,62852.75326021539,up
51,469180,267193,242390,8595,0.569489321795473,65755.65608906686,up
52,347458,192236,179841,6201,0.553263991619131,63310.40140160219,up
53,505728,294660,271496,9764,0.5826452164009112,62959.88935827016,up
54,354879,193700,181721,6857,0.5458198428196653,62550.44207980595,up
55,464138,262696,248980,9300,0.5659868401208261,64438.0122209562,up
56,275690,148327,140348,5584,0.5380209655772789,65759.7079201481,up
57,297122,164435,156513,6134,0.5534258654694031,66082.2414892292,up
58,405582,234802,223275,8911,0.5789260864634032,71081.97647152825,up
59,307385,167379,158786,6777,0.5445255949379443,69281.7962099436,up
