state,stage,wave,outcome,estimate,se,p,n_gps,n_clusters
raj,source_mapped,2005,log_population,-0.007487091269243487,0.008542195894051459,0.3816819073857235,5194,231
raj,source_mapped,2005,female_share,3.25970317737464e-4,3.487517116359085e-4,0.35093487384238775,5194,231
raj,source_mapped,2005,literacy,-0.00481304809957295,0.002129459150034678,0.024743645021434186,5194,231
raj,source_mapped,2005,female_literacy,-0.005311321770378403,0.0023417190113912243,0.02424955982268172,5194,231
raj,source_mapped,2005,bridged,-0.007248704606819247,0.008390733655821962,0.388546132173889,5219,231
raj,source_mapped,2005,has_men,-0.007248704606819247,0.008390733655821962,0.388546132173889,5219,231
raj,source_mapped,2005,has_links,-0.007248704606819247,0.008390733655821962,0.388546132173889,5219,231
raj,source_mapped,2005,linked_share,0.004894283633697754,0.0021333106374112694,0.022806004452888266,3468,203
raj,source_mapped,2005,missing_age_share,1.3902968570581695e-5,1.8344815080576674e-5,0.4494125746884551,3468,203
raj,source_mapped,2010,log_population,-0.01870044180284686,0.008523704037748464,0.02924140745855171,5194,231
raj,source_mapped,2010,female_share,8.634927756644018e-5,3.473973217411699e-4,0.8039225061586326,5194,231
raj,source_mapped,2010,literacy,0.001293341310195375,0.0019304662778186791,0.5035533345064194,5194,231
raj,source_mapped,2010,female_literacy,6.996013206667926e-4,0.0022382331058791267,0.7548916709692912,5194,231
raj,source_mapped,2010,bridged,-0.008385333047723965,0.008677060652962759,0.33486937524488936,5219,231
raj,source_mapped,2010,has_men,-0.008385333047723965,0.008677060652962759,0.33486937524488936,5219,231
raj,source_mapped,2010,has_links,-0.008385333047723965,0.008677060652962759,0.33486937524488936,5219,231
raj,source_mapped,2010,linked_share,0.0010352611201479313,0.001953962426452728,0.596814068978065,3468,203
raj,source_mapped,2010,missing_age_share,-3.151050103256692e-5,1.6190080635245513e-5,0.053007593050091964,3468,203
raj,bridged,2005,log_population,-0.007328756067784474,0.011035369898688262,0.5073739591617059,3454,203
raj,bridged,2005,female_share,-9.531398284214927e-5,4.676808864399751e-4,0.8387139288659763,3454,203
raj,bridged,2005,literacy,-0.0046054403161302675,0.0026802472069703586,0.08727608206092921,3454,203
raj,bridged,2005,female_literacy,-0.0039139575862162474,0.0028400386927909674,0.16968611937105119,3454,203
raj,bridged,2005,linked_share,0.004894283633697754,0.0021333106374112694,0.022806004452888266,3468,203
raj,bridged,2005,missing_age_share,1.3902968570581695e-5,1.8344815080576674e-5,0.4494125746884551,3468,203
raj,bridged,2010,log_population,-0.01760319223497359,0.01060699935148941,0.09855011144894608,3454,203
raj,bridged,2010,female_share,-1.995081454853089e-4,4.824192747239461e-4,0.6796368642180878,3454,203
raj,bridged,2010,literacy,-2.3967493174001518e-5,0.0025528055151614517,0.9925182870519653,3454,203
raj,bridged,2010,female_literacy,-6.78747714905591e-4,0.0029220770490945096,0.8165536735593255,3454,203
raj,bridged,2010,linked_share,0.0010352611201479313,0.001953962426452728,0.596814068978065,3468,203
raj,bridged,2010,missing_age_share,-3.151050103256692e-5,1.6190080635245513e-5,0.053007593050091964,3468,203
raj,male_sample,2005,log_population,-0.007328756067784474,0.011035369898688262,0.5073739591617059,3454,203
raj,male_sample,2005,female_share,-9.531398284214927e-5,4.676808864399751e-4,0.8387139288659763,3454,203
raj,male_sample,2005,literacy,-0.0046054403161302675,0.0026802472069703586,0.08727608206092921,3454,203
raj,male_sample,2005,female_literacy,-0.0039139575862162474,0.0028400386927909674,0.16968611937105119,3454,203
raj,male_sample,2005,linked_share,0.004894283633697754,0.0021333106374112694,0.022806004452888266,3468,203
raj,male_sample,2005,missing_age_share,1.3902968570581695e-5,1.8344815080576674e-5,0.4494125746884551,3468,203
raj,male_sample,2010,log_population,-0.01760319223497359,0.01060699935148941,0.09855011144894608,3454,203
raj,male_sample,2010,female_share,-1.995081454853089e-4,4.824192747239461e-4,0.6796368642180878,3454,203
raj,male_sample,2010,literacy,-2.3967493174001518e-5,0.0025528055151614517,0.9925182870519653,3454,203
raj,male_sample,2010,female_literacy,-6.78747714905591e-4,0.0029220770490945096,0.8165536735593255,3454,203
raj,male_sample,2010,linked_share,0.0010352611201479313,0.001953962426452728,0.596814068978065,3468,203
raj,male_sample,2010,missing_age_share,-3.151050103256692e-5,1.6190080635245513e-5,0.053007593050091964,3468,203
raj,gap_sample,2005,log_population,-0.007328756067784474,0.011035369898688262,0.5073739591617059,3454,203
raj,gap_sample,2005,female_share,-9.531398284214927e-5,4.676808864399751e-4,0.8387139288659763,3454,203
raj,gap_sample,2005,literacy,-0.0046054403161302675,0.0026802472069703586,0.08727608206092921,3454,203
raj,gap_sample,2005,female_literacy,-0.0039139575862162474,0.0028400386927909674,0.16968611937105119,3454,203
raj,gap_sample,2005,linked_share,0.004894283633697754,0.0021333106374112694,0.022806004452888266,3468,203
raj,gap_sample,2005,missing_age_share,1.3902968570581695e-5,1.8344815080576674e-5,0.4494125746884551,3468,203
raj,gap_sample,2010,log_population,-0.01760319223497359,0.01060699935148941,0.09855011144894608,3454,203
raj,gap_sample,2010,female_share,-1.995081454853089e-4,4.824192747239461e-4,0.6796368642180878,3454,203
raj,gap_sample,2010,literacy,-2.3967493174001518e-5,0.0025528055151614517,0.9925182870519653,3454,203
raj,gap_sample,2010,female_literacy,-6.78747714905591e-4,0.0029220770490945096,0.8165536735593255,3454,203
raj,gap_sample,2010,linked_share,0.0010352611201479313,0.001953962426452728,0.596814068978065,3468,203
raj,gap_sample,2010,missing_age_share,-3.151050103256692e-5,1.6190080635245513e-5,0.053007593050091964,3468,203
up,source_mapped,2005,log_population,-0.03724012767465233,0.008515806781070091,1.6026042278896332e-5,17982,364
up,source_mapped,2005,female_share,5.130315366886133e-5,2.111191454204118e-4,0.808138244093417,17982,364
up,source_mapped,2005,literacy,-0.0017497210337704457,0.0011971781940551206,0.14473304132460116,17982,364
up,source_mapped,2005,female_literacy,-0.003817660713657288,0.001224835991479141,0.001973504720512716,17982,364
up,source_mapped,2005,bridged,-0.0021087432307942025,0.004536440184691366,0.642196678202365,32592,656
up,source_mapped,2005,has_men,-0.0021087432307942025,0.004536440184691366,0.642196678202365,32592,656
up,source_mapped,2005,has_links,-4.4414854990373605e-4,0.0045391300727377635,0.9220822699847848,32592,656
up,source_mapped,2005,linked_share,0.0026941178190133344,9.725772753917019e-4,0.005789216068914484,20349,564
up,source_mapped,2005,missing_age_share,-2.4377026035839734e-4,3.517595733346823e-4,0.48859375521488113,20349,564
up,source_mapped,2010,log_population,-0.006648147861447784,0.007375921692946118,0.3680099035106139,17982,364
up,source_mapped,2010,female_share,-2.754755434310737e-4,2.0797963483186666e-4,0.18615992239996115,17982,364
up,source_mapped,2010,literacy,-6.703458080864036e-4,0.0012364766251296675,0.5880533859856226,17982,364
up,source_mapped,2010,female_literacy,-0.0015815880651574466,0.0012721960239021866,0.21459823667700567,17982,364
up,source_mapped,2010,bridged,-0.004226803762090047,0.004762370094109876,0.3751129123105257,32592,656
up,source_mapped,2010,has_men,-0.004226803762090047,0.004762370094109876,0.3751129123105257,32592,656
up,source_mapped,2010,has_links,-0.004302212378241194,0.0046970197291548565,0.3600327619971474,32592,656
up,source_mapped,2010,linked_share,0.0023418250510422412,8.617205854239099e-4,0.006777891748842927,20349,564
up,source_mapped,2010,missing_age_share,-7.319558406666742e-5,3.53193718496626e-4,0.8358979879934262,20349,564
up,bridged,2005,log_population,-0.03395116561099689,0.010563792002578846,0.0014419762138924627,11261,323
up,bridged,2005,female_share,1.4163195048650512e-4,2.8031603962019294e-4,0.6137232144077309,11261,323
up,bridged,2005,literacy,-0.0036964143412525213,0.0014610009347454961,0.011880805431340437,11261,323
up,bridged,2005,female_literacy,-0.005304378000186991,0.0015291844970982895,5.940019435505903e-4,11261,323
up,bridged,2005,has_links,-1.3295833870461356e-5,0.0014784886926014628,0.9928280224439391,20349,564
up,bridged,2005,linked_share,0.0026941178190133344,9.725772753917019e-4,0.005789216068914484,20349,564
up,bridged,2005,missing_age_share,-2.4377026035839734e-4,3.517595733346823e-4,0.48859375521488113,20349,564
up,bridged,2010,log_population,-0.018942537610912837,0.009224256118175284,0.040825882395619545,11261,323
up,bridged,2010,female_share,-3.471338568181789e-4,2.7233261052100633e-4,0.20334557739182826,11261,323
up,bridged,2010,literacy,-0.001446314860541028,0.0015545015664053616,0.3528588189884473,11261,323
up,bridged,2010,female_literacy,-0.002142850056220927,0.0015819210267969753,0.17649879090563095,11261,323
up,bridged,2010,has_links,4.0331320204172616e-4,0.001356764572916349,0.7663768952742462,20349,564
up,bridged,2010,linked_share,0.0023418250510422412,8.617205854239099e-4,0.006777891748842927,20349,564
up,bridged,2010,missing_age_share,-7.319558406666742e-5,3.53193718496626e-4,0.8358979879934262,20349,564
up,male_sample,2005,log_population,-0.03395116561099689,0.010563792002578846,0.0014419762138924627,11261,323
up,male_sample,2005,female_share,1.4163195048650512e-4,2.8031603962019294e-4,0.6137232144077309,11261,323
up,male_sample,2005,literacy,-0.0036964143412525213,0.0014610009347454961,0.011880805431340437,11261,323
up,male_sample,2005,female_literacy,-0.005304378000186991,0.0015291844970982895,5.940019435505903e-4,11261,323
up,male_sample,2005,has_links,-1.3295833870461356e-5,0.0014784886926014628,0.9928280224439391,20349,564
up,male_sample,2005,linked_share,0.0026941178190133344,9.725772753917019e-4,0.005789216068914484,20349,564
up,male_sample,2005,missing_age_share,-2.4377026035839734e-4,3.517595733346823e-4,0.48859375521488113,20349,564
up,male_sample,2010,log_population,-0.018942537610912837,0.009224256118175284,0.040825882395619545,11261,323
up,male_sample,2010,female_share,-3.471338568181789e-4,2.7233261052100633e-4,0.20334557739182826,11261,323
up,male_sample,2010,literacy,-0.001446314860541028,0.0015545015664053616,0.3528588189884473,11261,323
up,male_sample,2010,female_literacy,-0.002142850056220927,0.0015819210267969753,0.17649879090563095,11261,323
up,male_sample,2010,has_links,4.0331320204172616e-4,0.001356764572916349,0.7663768952742462,20349,564
up,male_sample,2010,linked_share,0.0023418250510422412,8.617205854239099e-4,0.006777891748842927,20349,564
up,male_sample,2010,missing_age_share,-7.319558406666742e-5,3.53193718496626e-4,0.8358979879934262,20349,564
up,gap_sample,2005,log_population,-0.035393880819436466,0.011057532586058242,0.0015107211411701366,10683,314
up,gap_sample,2005,female_share,2.277349875287948e-4,2.938982609116529e-4,0.43899735148552854,10683,314
up,gap_sample,2005,literacy,-0.003084082848927184,0.0014964707260028687,0.040138026727743026,10683,314
up,gap_sample,2005,female_literacy,-0.00473694588699723,0.0015766870961123442,0.002876255059174233,10683,314
up,gap_sample,2005,linked_share,0.003173443565375334,9.631153359419582e-4,0.0010474402461260284,19120,553
up,gap_sample,2005,missing_age_share,-2.6077863532155483e-4,3.616048111110595e-4,0.4711100904078873,19120,553
up,gap_sample,2010,log_population,-0.01826486916568205,0.009673072396371192,0.05992134906528793,10683,314
up,gap_sample,2010,female_share,-2.377709448123257e-4,2.793945384057599e-4,0.3954076198994234,10683,314
up,gap_sample,2010,literacy,-0.0010566608810856253,0.0015877334507323297,0.5062110899296282,10683,314
up,gap_sample,2010,female_literacy,-0.0019229227298726143,0.0016257555743600307,0.23779118989696355,10683,314
up,gap_sample,2010,linked_share,0.0025158591543228315,8.155079029836386e-4,0.0021373121161353554,19120,553
up,gap_sample,2010,missing_age_share,-1.7290637901620852e-4,3.599360316467783e-4,0.6311469189637664,19120,553
