treatment,n_gps,n_men,n_linked,n_unambiguous,state,stage,wave
0,3485,2855408,1096106,1080483,raj,source_mapped,2005
1,1734,1207124,497865,490856,raj,source_mapped,2005
0,2804,2093576,849620,837648,raj,source_mapped,2010
1,2415,1968956,744351,733691,raj,source_mapped,2010
0,2317,2855408,1096106,1080483,raj,bridged,2005
1,1151,1207124,497865,490856,raj,bridged,2005
0,1879,2093576,849620,837648,raj,bridged,2010
1,1589,1968956,744351,733691,raj,bridged,2010
0,2317,2855408,1096106,1080483,raj,male_sample,2005
1,1151,1207124,497865,490856,raj,male_sample,2005
0,1879,2093576,849620,837648,raj,male_sample,2010
1,1589,1968956,744351,733691,raj,male_sample,2010
0,2317,2855408,1096106,1080483,raj,gap_sample,2005
1,1151,1207124,497865,490856,raj,gap_sample,2005
0,1879,2093576,849620,837648,raj,gap_sample,2010
1,1589,1968956,744351,733691,raj,gap_sample,2010
0,17414,8331047,1808336,1741420,up,source_mapped,2005
1,15178,6707093,1516001,1463010,up,source_mapped,2005
0,21764,9684982,2185617,2107198,up,source_mapped,2010
1,10828,5353158,1138720,1097232,up,source_mapped,2010
0,10940,8331047,1808336,1741420,up,bridged,2005
1,9409,6707093,1516001,1463010,up,bridged,2005
0,13602,9684982,2185617,2107198,up,bridged,2010
1,6747,5353158,1138720,1097232,up,bridged,2010
0,10940,8331047,1808336,1741420,up,male_sample,2005
1,9409,6707093,1516001,1463010,up,male_sample,2005
0,13602,9684982,2185617,2107198,up,male_sample,2010
1,6747,5353158,1138720,1097232,up,male_sample,2010
0,10220,7891368,1808336,1741420,up,gap_sample,2005
1,8900,6403602,1516001,1463010,up,gap_sample,2005
0,12803,9217785,2185617,2107198,up,gap_sample,2010
1,6317,5077185,1138720,1097232,up,gap_sample,2010
