column_name,column_type,null,key,default,extra,state,source
state,VARCHAR,YES,NA,NA,NA,up,cleaned_electors
roll_year,INTEGER,YES,NA,NA,NA,up,cleaned_electors
district_dev,VARCHAR,YES,NA,NA,NA,up,cleaned_electors
district_std,VARCHAR,YES,NA,NA,NA,up,cleaned_electors
part_no,INTEGER,YES,NA,NA,NA,up,cleaned_electors
house_no_clean,VARCHAR,YES,NA,NA,NA,up,cleaned_electors
name_dev,VARCHAR,YES,NA,NA,NA,up,cleaned_electors
name_std,VARCHAR,YES,NA,NA,NA,up,cleaned_electors
rel_name_dev,VARCHAR,YES,NA,NA,NA,up,cleaned_electors
rel_name_std,VARCHAR,YES,NA,NA,NA,up,cleaned_electors
relation_type,VARCHAR,YES,NA,NA,NA,up,cleaned_electors
sex_std,VARCHAR,YES,NA,NA,NA,up,cleaned_electors
age,INTEGER,YES,NA,NA,NA,up,cleaned_electors
birth_year,INTEGER,YES,NA,NA,NA,up,cleaned_electors
district_part,VARCHAR,YES,NA,NA,NA,up,cleaned_electors
filename,VARCHAR,YES,NA,NA,NA,up,cleaned_electors
legacy_uid,VARCHAR,YES,NA,NA,NA,up,cleaned_electors
elector_uid,VARCHAR,YES,NA,NA,NA,up,cleaned_electors
number,VARCHAR,YES,NA,NA,NA,up,ingested_rolls
id,VARCHAR,YES,NA,NA,NA,up,ingested_rolls
elector_name,VARCHAR,YES,NA,NA,NA,up,ingested_rolls
father_or_husband_name,VARCHAR,YES,NA,NA,NA,up,ingested_rolls
relationship,VARCHAR,YES,NA,NA,NA,up,ingested_rolls
house_no,VARCHAR,YES,NA,NA,NA,up,ingested_rolls
age,VARCHAR,YES,NA,NA,NA,up,ingested_rolls
sex,VARCHAR,YES,NA,NA,NA,up,ingested_rolls
ac_name,VARCHAR,YES,NA,NA,NA,up,ingested_rolls
parl_constituency,VARCHAR,YES,NA,NA,NA,up,ingested_rolls
part_no,VARCHAR,YES,NA,NA,NA,up,ingested_rolls
year,VARCHAR,YES,NA,NA,NA,up,ingested_rolls
state,VARCHAR,YES,NA,NA,NA,up,ingested_rolls
filename,VARCHAR,YES,NA,NA,NA,up,ingested_rolls
main_town,VARCHAR,YES,NA,NA,NA,up,ingested_rolls
police_station,VARCHAR,YES,NA,NA,NA,up,ingested_rolls
mandal,VARCHAR,YES,NA,NA,NA,up,ingested_rolls
revenue_division,VARCHAR,YES,NA,NA,NA,up,ingested_rolls
district,VARCHAR,YES,NA,NA,NA,up,ingested_rolls
pin_code,VARCHAR,YES,NA,NA,NA,up,ingested_rolls
polling_station_name,VARCHAR,YES,NA,NA,NA,up,ingested_rolls
polling_station_address,VARCHAR,YES,NA,NA,NA,up,ingested_rolls
net_electors_male,VARCHAR,YES,NA,NA,NA,up,ingested_rolls
net_electors_female,VARCHAR,YES,NA,NA,NA,up,ingested_rolls
net_electors_third_gender,VARCHAR,YES,NA,NA,NA,up,ingested_rolls
net_electors_total,VARCHAR,YES,NA,NA,NA,up,ingested_rolls
original_or_amendment,VARCHAR,YES,NA,NA,NA,up,ingested_rolls
elector_name_t13n,VARCHAR,YES,NA,NA,NA,up,ingested_rolls
father_or_husband_name_t13n,VARCHAR,YES,NA,NA,NA,up,ingested_rolls
ac_name_t13n,VARCHAR,YES,NA,NA,NA,up,ingested_rolls
parl_constituency_t13n,VARCHAR,YES,NA,NA,NA,up,ingested_rolls
main_town_t13n,VARCHAR,YES,NA,NA,NA,up,ingested_rolls
police_station_t13n,VARCHAR,YES,NA,NA,NA,up,ingested_rolls
mandal_t13n,VARCHAR,YES,NA,NA,NA,up,ingested_rolls
revenue_division_t13n,VARCHAR,YES,NA,NA,NA,up,ingested_rolls
district_t13n,VARCHAR,YES,NA,NA,NA,up,ingested_rolls
polling_station_name_t13n,VARCHAR,YES,NA,NA,NA,up,ingested_rolls
polling_station_address_t13n,VARCHAR,YES,NA,NA,NA,up,ingested_rolls
district_part,VARCHAR,YES,NA,NA,NA,up,ingested_rolls
