birth_year,n_cells,n_missing,mean_dose,max_dose
1959,3424,0,0,0
1960,3443,0,0,0
1961,3408,0,0,0
1962,3441,0,0,0
1963,3431,0,0,0
1964,3447,0,0,0
1965,3449,0,0,0
1966,3448,0,0,0
1967,3458,0,0,0
1968,3461,0,0,0
1969,3459,0,0,0
1970,3460,0,0,0
1971,3458,0,0,0
1972,3459,0,0,0
1973,3461,0,0,0
1974,3454,0,0,0
1975,3424,0,0,0
1976,3415,0,0,0
1977,3444,0,0,0
1978,3445,0,0,0
1979,3454,0,0,0
1980,3458,0,0,0
1981,3463,0,0,0
1982,3467,0,0,0
1983,3467,0,0,0
1984,3466,0,0,0
1985,3461,0,0,0
1986,3465,0,0,0
1987,3463,0,0,0
1988,3464,0,0,0
1989,3466,0,0,0
1990,3465,0,0.06637806637806636,0.2
1991,3466,0,0.13283323716099255,0.4
1992,3465,0,0.1993073593073593,0.6
1993,3465,0,0.2657431457431457,0.8
1994,3468,0,0.33189158016147613,1
1995,3467,0,0.4236515719642343,1.2
1996,3467,0,0.515200461494087,1.4
1997,3464,0,0.6069861431870669,1.6
1998,3464,0,0.69878752886836,1.8
1999,3466,0,0.7902481246393533,2
